"","Player","GS","FGM","FGA","FGPct","ThreePM","ThreePA","ThreePtPct","TwoPM","TwoPA","TwoPtPct","eFGPct","FTM","FTA","FTPct","ORB","DRB","TRB","AST","STL","BLK","TOV","PF","PPG","Position","Age","GP","MP","PER","TSPct","ThreePAr","FTr","ORBPct","DRBPct","TRBPct","ASTPct","STLPct","BLKPct","TOVPct","Usage","OWinS","DWinS","TotWS","WSper48","OBPM","DBPM","BPM","VORP","Salary"
"1","Aaron Brooks",1,0.9,2.2,0.406,0.3,1,0.3,0.5,1.2,0.447,0.486,0.3,0.3,0.727,0.2,0.3,0.5,0.6,0.2,0,0.3,0.9,2.3,"PG",33,32,189,9.8,0.508,0.449,0.159,4.2,6.2,5.2,15.1,1.6,0,13,19.9,0.1,0.1,0.1,0.033,-0.8,-3.6,-4.3,-0.1,2116955
"2","Aaron Gordon",57,6.5,14.9,0.434,2,5.9,0.338983051,4.5,9,0.497,0.5,2.7,3.9,0.698,1.5,6.4,7.9,2.3,1,0.8,1.8,1.9,17.6,"PF",22,58,1909,16.5,0.53,0.395,0.26,5,21.5,13.2,11.7,1.5,1.9,10,24.7,0.9,2,2.9,0.072,0,0,0,1,5504420
"3","Abdel Nader",1,1,3.1,0.336,0.5,1.4,0.357142857,0.6,1.8,0.321,0.413,0.5,0.8,0.59,0.3,1.2,1.5,0.5,0.3,0.2,0.7,0.9,3,"SF",24,48,522,5.1,0.439,0.436,0.262,2.8,12,7.4,7.1,1.4,1.6,17,17.1,-0.9,0.8,-0.1,-0.014,-5.9,0.3,-5.6,-0.5,1167333
"4","Al Horford",72,5.1,10.5,0.489,1.3,3.1,0.419354839,3.8,7.3,0.514,0.553,1.3,1.7,0.783,1.4,5.9,7.4,4.7,0.6,1.1,1.8,1.9,12.9,"C",31,72,2277,17.6,0.575,0.3,0.159,5,20.2,12.7,23.6,0.9,2.9,14.1,18.4,4,3.8,7.8,0.165,1.1,2.9,4,3.5,27734405
"5","Al Jefferson",1,3.1,5.8,0.534,0,0.1,0,3.1,5.7,0.541,0.534,0.8,1,0.833,0.8,3.1,4,0.8,0.4,0.6,0.6,1.8,7,"C",33,36,484,20.2,0.563,0.014,0.173,7,26.2,16.7,10,1.7,4.2,8.6,22.5,0.8,0.8,1.6,0.158,-1.7,1.3,-0.5,0.2,9769821
"6","Al-Farouq Aminu",67,3.3,8.4,0.395,1.8,4.9,0.367346939,1.5,3.5,0.432,0.503,0.9,1.2,0.738,1.4,6.2,7.6,1.2,1.1,0.6,1.1,2,9.3,"PF",27,69,2072,12,0.522,0.582,0.137,5.2,22.3,13.8,5.8,1.9,1.6,11.3,14.8,0.9,3.2,4.2,0.097,-0.8,1.9,1.1,1.6,7319035
"7","Alec Burks",1,2.7,6.5,0.411,0.7,2.2,0.318181818,1.9,4.3,0.452,0.467,1.7,1.9,0.863,0.3,2.7,3,1,0.6,0.1,0.9,1.2,7.7,"SG",26,64,1059,13.1,0.527,0.343,0.3,2.1,18.4,10.3,10,1.8,0.6,11.4,22.5,0.2,1.6,1.9,0.084,-2.5,-0.3,-2.8,-0.2,10845506
"8","Alex Abrines",8,1.5,3.9,0.395,1.1,2.9,0.379310345,0.4,0.9,0.443,0.54,0.5,0.6,0.848,0.3,1.2,1.5,0.4,0.5,0.1,0.3,1.7,4.7,"SG",24,75,1134,9,0.567,0.759,0.158,2.5,8.9,5.6,3.4,1.7,0.6,7.4,12.7,1.3,1,2.2,0.094,-0.5,-1.7,-2.2,-0.1,5725000
"9","Alex Len",13,3.1,5.5,0.566,0,0,0,3.1,5.4,0.568,0.567,2.3,3.3,0.684,2.5,5,7.5,1.2,0.4,0.9,1.1,2.3,8.5,"C",24,69,1395,19.4,0.612,0.008,0.611,13.2,26.7,19.8,9.1,0.9,3.5,14,17,3.2,1.3,4.5,0.154,-0.3,1.1,0.8,1,4187599
"10","Allen Crabbe",68,4.5,11,0.407,2.7,7.1,0.38028169,1.8,3.9,0.461,0.529,1.5,1.8,0.852,0.4,3.9,4.3,1.6,0.6,0.5,1,2.2,13.2,"SG",25,75,2197,12.3,0.558,0.643,0.163,1.3,14.4,7.8,8.4,1,1.2,8.1,19,1.8,1.4,3.2,0.07,0.4,-1.2,-0.8,0.7,19332500
"11","Amir Johnson",18,1.9,3.5,0.538,0.1,0.4,0.25,1.8,3.1,0.57,0.558,0.7,1.1,0.612,1.7,2.8,4.5,1.6,0.6,0.6,0.7,2.6,4.6,"C",30,74,1171,14.8,0.575,0.123,0.327,11.8,18.3,15.2,13.9,1.8,3.1,15.6,12.8,2.1,2,4.1,0.169,-0.2,3.1,2.9,1.5,1.1e+07
"12","Andre Drummond",78,6,11.3,0.529,0,0.1,0,6,11.2,0.536,0.529,3.1,5.1,0.605,5.1,10.9,16,3,1.5,1.6,2.6,3.2,15,"C",24,78,2625,22.9,0.555,0.012,0.448,16.4,36.4,26.2,14.3,2.2,4.3,15.9,21.2,4.6,5.7,10.3,0.189,0.2,5.3,5.5,5,23775506
"13","Andre Iguodala",7,2.3,5,0.463,0.5,1.8,0.277777778,1.8,3.2,0.567,0.514,0.9,1.4,0.632,0.8,3.1,3.8,3.3,0.8,0.6,1,1.5,6,"SF",34,64,1622,11.2,0.536,0.366,0.272,3.7,12.6,8.5,16.2,1.6,1.9,15.8,11.5,1.6,1.6,3.2,0.094,-0.7,0.9,0.2,0.9,14814815
"14","Andre Roberson",39,2.2,4.2,0.537,0.2,0.9,0.222222222,2,3.2,0.627,0.562,0.3,1,0.316,1.9,2.8,4.7,1.2,1.2,0.9,0.8,2.3,5,"SG",26,39,1037,10.9,0.543,0.222,0.235,7.8,12.2,9.9,6,2.2,3.1,14.4,8.6,0.8,1.3,2.2,0.1,-1.3,2.8,1.5,0.9,9259259
"15","Andrew Bogut",5,0.7,1.1,0.68,0,0,0,0.7,1.1,0.68,0.68,0.1,0.1,1,1.1,2.3,3.4,0.7,0.2,0.6,0.8,1.7,1.6,"C",33,23,216,10.9,0.696,0,0.08,12.9,25.4,19.2,9.1,0.9,4.9,42.3,8.8,0.1,0.3,0.4,0.094,-3.6,3.6,0,0.1,2328652
"16","Andrew Harrison",46,3.2,7.7,0.422,0.8,2.5,0.32,2.4,5.1,0.467,0.477,2.2,2.8,0.78,0.4,1.9,2.3,3.2,0.7,0.5,1.4,2.5,9.5,"PG",23,56,1326,12.7,0.534,0.331,0.371,2,9.7,5.7,21.3,1.4,1.8,14,19.6,1,0.7,1.7,0.062,-0.9,-1.5,-2.5,-0.2,1312611
"17","Andrew Wiggins",82,6.9,15.9,0.438,1.4,4.1,0.341463415,5.6,11.7,0.475,0.481,2.5,3.8,0.643,1,3.4,4.4,2,1.1,0.6,1.7,2,17.7,"SF",22,82,2979,13,0.505,0.26,0.242,3.1,10.8,6.9,8.2,1.5,1.5,8.8,23.4,0.5,1.6,2.1,0.034,-1.1,-1.4,-2.5,-0.4,7574322
"18","Ante Zizic",2,1.5,2.1,0.731,0,0,0,1.5,2.1,0.731,0.731,0.7,0.9,0.724,0.8,1.1,1.9,0.2,0.1,0.4,0.3,0.9,3.7,"C",21,32,214,24.2,0.746,0,0.433,12.8,18.6,15.7,3.8,0.5,5.2,12.1,18.8,0.9,0.2,1,0.231,1.3,-1.2,0.1,0.1,1645200
"19","Anthony Davis",75,10.4,19.5,0.534,0.7,2.2,0.318181818,9.7,17.3,0.558,0.552,6.6,8,0.828,2.5,8.6,11.1,2.3,1.5,2.6,2.2,2.1,28.1,"PF",24,75,2727,28.9,0.612,0.111,0.409,7.7,24.8,16.5,10.8,2,5.6,8.6,30,8.8,4.9,13.7,0.241,2.8,2.3,5.2,4.9,23775506
"20","Anthony Tolliver",14,2.8,6,0.464,2,4.6,0.434782609,0.8,1.4,0.561,0.632,1.3,1.7,0.797,0.6,2.4,3.1,1.1,0.4,0.3,0.7,1.8,8.9,"PF",32,79,1757,13.9,0.663,0.773,0.282,3.1,12.3,7.6,7.5,0.9,1.1,9.9,14.8,3.8,1.5,5.3,0.146,2.3,-0.8,1.5,1.5,5290000
"21","Aron Baynes",67,2.6,5.5,0.471,0,0.3,0,2.6,5.2,0.487,0.474,0.7,1,0.756,1.6,3.8,5.4,1.1,0.3,0.6,1,2.5,6,"C",31,81,1485,12.1,0.502,0.047,0.175,9.7,22.1,16,9.6,0.7,2.9,14.3,16.8,0.5,2.5,3,0.097,-3.8,2.1,-1.7,0.1,4328000
"22","Arron Afflalo",3,1.2,3.1,0.401,0.5,1.3,0.384615385,0.7,1.7,0.413,0.485,0.4,0.5,0.846,0.1,1.2,1.2,0.6,0.1,0.2,0.4,1.1,3.4,"SG",32,53,682,5.8,0.516,0.432,0.16,0.6,10.1,5.3,6.2,0.3,1.1,10.8,12.5,-0.1,0.2,0.1,0.009,-4.1,-1.8,-5.8,-0.7,3828652
"23","Austin Rivers",59,5.6,13.2,0.424,2.2,5.9,0.372881356,3.4,7.3,0.461,0.508,1.7,2.6,0.642,0.4,1.9,2.4,4,1.2,0.3,1.8,2.5,15.1,"SG",25,61,2057,12.6,0.526,0.447,0.198,1.5,6.2,3.9,17.5,1.7,0.6,11.1,20.6,1.4,1,2.4,0.056,0.8,-1.7,-0.9,0.6,11825000
"24","Avery Bradley",46,5.6,13.6,0.414,1.6,4.4,0.363636364,4,9.2,0.436,0.474,1.4,1.8,0.768,0.5,2,2.5,2,1.1,0.2,2.2,2,14.3,"SG",27,46,1433,9.6,0.496,0.325,0.131,1.7,7.3,4.5,10.4,1.8,0.5,13.3,23.5,-1.4,1.2,-0.2,-0.007,-2.8,-1.4,-4.2,-0.8,8808989
"25","Bam Adebayo",19,2.5,4.9,0.512,0,0.1,0,2.5,4.8,0.523,0.512,1.9,2.6,0.721,1.7,3.8,5.5,1.5,0.5,0.6,1,2,6.9,"C",20,69,1368,15.7,0.57,0.021,0.526,9.7,21.6,15.6,11,1.2,2.5,13.6,15.9,2.3,1.9,4.2,0.148,-1.6,1.8,0.2,0.8,2490360
"26","Ben McLemore",17,2.8,6.7,0.421,1,2.8,0.357142857,1.8,3.8,0.477,0.495,0.9,1.1,0.828,0.6,1.9,2.5,0.9,0.7,0.3,1.1,2.5,7.5,"SG",24,56,1091,9.7,0.526,0.426,0.172,3.5,11.4,7.4,7.5,1.8,1.3,13.2,19,-0.2,0.7,0.5,0.023,-2.1,-1.4,-3.6,-0.4,5200000
"27","Ben Simmons",81,6.7,12.3,0.545,0,0.1,0,6.7,12.2,0.551,0.545,2.4,4.2,0.56,1.8,6.3,8.1,8.2,1.7,0.9,3.4,2.6,15.8,"PG",21,81,2732,20,0.557,0.011,0.342,5.9,19.5,13,37.4,2.5,2.1,19.5,22.3,4.2,5,9.2,0.162,1,3.6,4.6,4.6,6168840
"28","Bismack Biyombo",25,2.2,4.3,0.52,0,0,0,2.2,4.3,0.521,0.52,1.2,1.9,0.65,1.8,4,5.7,0.8,0.3,1.2,1,1.9,5.7,"C",25,82,1495,14.1,0.556,0.003,0.446,10.5,24,17.2,6.5,0.7,5.1,16.6,14.9,1.1,1.8,2.9,0.094,-3.7,2.1,-1.6,0.2,1.7e+07
"29","Blake Griffin",58,7.5,17.2,0.438,1.9,5.6,0.339285714,5.6,11.6,0.482,0.493,4.5,5.7,0.785,1.3,6.1,7.4,5.8,0.7,0.3,2.8,2.4,21.4,"PF",28,58,1970,19.6,0.544,0.323,0.331,4.1,19.8,12,28.1,1,0.8,12.6,28.9,3.2,1.8,4.9,0.12,2.9,-0.1,2.8,2.4,29512900
"30","Boban Marjanovic",1,2,3.8,0.534,0,0,0,2,3.8,0.534,0.534,2,2.5,0.794,1.2,2.5,3.7,0.6,0.3,0.3,0.9,1.3,6,"C",29,39,337,26,0.616,0,0.655,15.7,31.4,23.5,11.2,1.5,2.8,15.9,29.4,1,0.5,1.5,0.215,-0.3,-0.3,-0.6,0.1,7e+06
"31","Bobby Portis",4,5.2,11.1,0.471,1.1,3.1,0.35483871,4.1,8.1,0.514,0.52,1.6,2.1,0.769,2.2,4.6,6.8,1.7,0.7,0.3,1.4,1.8,13.2,"PF",22,73,1643,19.7,0.548,0.275,0.192,10,23,16.2,13.2,1.5,1.3,10.5,26,2,1.5,3.5,0.101,1,-0.6,0.3,1,1516320
"32","Bogdan Bogdanovic",53,4.4,9.9,0.446,1.7,4.2,0.404761905,2.8,5.7,0.485,0.529,1.3,1.5,0.84,0.4,2.5,2.9,3.3,0.9,0.2,1.6,2.2,11.8,"SG",25,78,2175,13.5,0.556,0.426,0.154,1.6,10.5,5.8,18.3,1.7,0.7,13.2,19.6,1.8,1.1,2.9,0.064,0.5,-1.5,-1,0.6,9470614
"33","Bojan Bogdanovic",80,5.1,10.7,0.474,1.9,4.8,0.395833333,3.1,5.8,0.534,0.565,2.2,2.6,0.868,0.4,3,3.4,1.5,0.7,0.1,1.3,1.6,14.3,"SF",28,80,2464,13.9,0.605,0.453,0.241,1.4,10.9,6.2,7.1,1.1,0.3,10.1,19,3.8,1.6,5.4,0.105,1.1,-1.9,-0.7,0.8,10500000
"34","Bradley Beal",82,8.3,18.1,0.46,2.4,6.5,0.369230769,5.9,11.6,0.507,0.527,3.6,4.5,0.793,0.7,3.7,4.4,4.5,1.2,0.4,2.6,2,22.6,"SG",24,82,2977,18.4,0.564,0.357,0.248,2.3,11.5,6.9,21,1.6,1.1,11.5,27.6,4.4,2.5,6.9,0.112,2.7,-1,1.7,2.7,23775506
"35","Brandan Wright",1,2.1,3.6,0.578,0,0,0,2.1,3.6,0.578,0.578,0.8,1.2,0.636,1.2,2.2,3.4,0.5,0.5,0.9,0.3,1.1,5,"PF",30,28,381,19,0.596,0,0.324,9.8,19.3,14.4,5.6,1.7,6.4,6.4,14.7,0.8,0.5,1.3,0.163,-1.3,2.2,0.9,0.3,5179760
"36","Brandon Ingram",59,6.1,12.9,0.47,0.7,1.8,0.388888889,5.4,11.1,0.483,0.497,3.3,4.8,0.681,1,4.4,5.3,3.9,0.8,0.7,2.5,2.8,16.1,"SF",20,59,1975,13.8,0.536,0.138,0.371,3.1,13.8,8.5,17.7,1.1,1.8,14.4,22.2,1,1.8,2.8,0.068,-1.6,0.3,-1.3,0.4,5519400
"37","Brandon Jennings",0,1.9,5.1,0.375,0.6,2.4,0.25,1.3,2.8,0.462,0.438,0.7,0.7,1,0.4,1.9,2.2,3.1,0.4,0.3,1.3,0.8,5.2,"PG",28,14,205,12.7,0.478,0.458,0.139,2.9,14.8,8.9,31.1,1.5,1.7,19.1,20.8,0,0.1,0.1,0.026,-2,-1.7,-3.8,-0.1,119010
"38","Brandon Paul",2,0.9,2,0.433,0.2,0.8,0.25,0.6,1.1,0.548,0.492,0.3,0.7,0.512,0.1,1,1.1,0.6,0.4,0.1,0.5,0.9,2.3,"SG",26,64,576,7.5,0.504,0.425,0.339,1.1,12,6.5,9,2.2,1,16.6,13.6,-0.3,0.8,0.5,0.044,-3.6,0.9,-2.8,-0.1,815615
"39","Briante Weber",0,1.1,2.4,0.442,0.2,0.6,0.333333333,0.8,1.8,0.469,0.488,0.4,0.6,0.8,0.4,1.5,1.9,1.2,1,0.3,0.8,1.6,2.8,"PG",25,18,237,10.1,0.527,0.256,0.233,3.8,13.1,8.4,13.1,3.8,1.9,24,11.7,0,0.4,0.4,0.072,-3.2,2.9,-0.4,0.1,183129
"40","Brook Lopez",72,5,10.7,0.465,1.5,4.4,0.340909091,3.5,6.3,0.549,0.536,1.5,2.1,0.703,1,3,4,1.7,0.4,1.3,1.3,2.7,13,"C",29,74,1735,16.4,0.557,0.41,0.199,4.6,13.4,9,11.6,0.8,4.6,10.2,23.5,1.9,1.9,3.8,0.105,0.3,0.2,0.5,1.1,22642350
"41","Bryn Forbes",12,2.6,6.2,0.421,1.1,2.9,0.379310345,1.5,3.4,0.446,0.51,0.6,0.9,0.667,0.2,1.2,1.4,1,0.4,0,0.5,1.4,6.9,"SG",24,80,1517,9.1,0.525,0.459,0.145,0.9,7.2,4,7.8,0.9,0.1,6.5,16.7,0.8,1.3,2.1,0.067,-1.2,-1.9,-3.1,-0.4,1312611
"42","Buddy Hield",12,5.2,11.7,0.446,2.2,5.1,0.431372549,3,6.6,0.457,0.54,0.9,1,0.877,0.7,3.2,3.8,1.9,1.1,0.3,1.6,1.9,13.5,"SG",24,80,2024,16.1,0.557,0.437,0.087,3,14.8,8.6,12.8,2.1,1,11.3,24.3,1.3,1.5,2.8,0.067,1.2,-1.4,-0.2,0.9,3675480
"43","C.J. McCollum",81,8.2,18.6,0.443,2.3,5.9,0.389830508,5.9,12.7,0.465,0.506,2.6,3.1,0.836,0.7,3.3,4,3.4,1,0.4,1.9,2.1,21.4,"SG",26,81,2923,17,0.536,0.316,0.166,2,9.9,6,15.8,1.3,1,8.6,26.5,3.7,2.9,6.6,0.108,1.4,-1,0.4,1.8,23962573
"44","C.J. Miles",3,3.2,8.6,0.379,2.3,6.5,0.353846154,0.9,2.1,0.434,0.516,1.2,1.4,0.835,0.3,1.9,2.2,0.8,0.5,0.3,0.6,1.9,10,"SF",30,70,1337,13,0.545,0.758,0.162,1.5,11,6.4,6,1.4,1.3,5.7,22.3,1.4,1.5,2.9,0.103,1.7,-2.2,-0.5,0.5,7936509
"45","Caleb Swanigan",3,0.9,2.2,0.4,0,0.3,0,0.9,1.9,0.442,0.408,0.4,0.7,0.667,0.6,1.4,2,0.5,0.2,0.1,0.7,1.4,2.3,"PF",20,27,189,7.5,0.449,0.133,0.3,8.7,22.3,15.6,10.8,1.3,1.3,20.9,20,-0.3,0.3,0,-0.003,-6,0.6,-5.4,-0.2,1465920
"46","Cameron Payne",14,3.5,8.6,0.405,1.4,3.6,0.388888889,2.1,5,0.419,0.486,0.5,0.6,0.75,0.7,2,2.8,4.5,1,0.4,1.4,1.8,8.8,"PG",23,25,582,14,0.498,0.423,0.074,3.2,9.8,6.4,29.9,2.2,1.4,14,19.3,0.3,0.4,0.8,0.063,-0.2,-0.8,-0.9,0.2,2203440
"47","Caris LeVert",10,4.5,10.4,0.435,1.2,3.5,0.342857143,3.3,6.9,0.48,0.493,1.9,2.6,0.711,0.7,2.9,3.7,4.2,1.2,0.3,2.2,2.2,12.1,"SF",23,71,1864,14.3,0.525,0.333,0.254,3,11.9,7.4,26,2.1,0.9,15.8,22.5,0.7,1.6,2.3,0.059,-0.3,-0.2,-0.5,0.7,1632480
"48","Carmelo Anthony",78,6.1,15,0.404,2.2,6.1,0.360655738,3.9,8.9,0.437,0.476,1.9,2.5,0.767,0.9,4.9,5.8,1.3,0.6,0.6,1.3,2.5,16.2,"PF",33,78,2501,12.7,0.503,0.406,0.165,2.9,17.7,10,6.5,0.9,1.8,7.3,23.2,1.2,2.5,3.7,0.071,-1.9,-1.9,-3.8,-1.1,26243760
"49","Cedi Osman",12,1.5,3,0.484,0.5,1.4,0.357142857,1,1.6,0.586,0.57,0.4,0.8,0.565,0.3,1.7,2,0.7,0.4,0,0.5,1.3,3.9,"SF",22,61,672,11,0.577,0.468,0.247,3.2,16.6,10,8.7,1.6,0.4,13.4,15.7,0.5,0.4,0.9,0.064,-1.4,-1.5,-2.9,-0.2,2642857
"50","Chandler Parsons",8,3,6.5,0.462,1.4,3.4,0.411764706,1.6,3.1,0.504,0.571,0.5,0.8,0.63,0.4,2.1,2.5,1.9,0.5,0.3,1,1.5,7.9,"SF",29,36,691,13.6,0.578,0.517,0.115,2.3,13,7.5,16.4,1.3,1.5,12.5,18.3,0.7,0.4,1.1,0.077,0.4,-1.6,-1.2,0.1,23112004
"51","Channing Frye",1,2,4,0.491,0.7,2.2,0.318181818,1.2,1.8,0.67,0.583,0.3,0.4,0.895,0.2,2.3,2.5,0.7,0.3,0.2,0.4,1.3,5,"C",34,53,695,13.1,0.599,0.542,0.09,1.9,19.4,10.8,7.9,1.3,1.6,8.7,15.2,0.9,0.6,1.5,0.101,-0.7,-1,-1.7,0.1,7420912
"52","Cheick Diallo",0,2,3.4,0.58,0,0,0,2,3.4,0.58,0.58,1,1.3,0.758,0.9,3.2,4.1,0.4,0.2,0.4,0.5,1.6,4.9,"PF",21,52,581,17,0.619,0,0.375,9.1,29.6,19.7,4.7,0.9,2.9,12,17.4,1.1,0.8,1.9,0.157,-2.8,-0.3,-3.1,-0.2,1312611
"53","Chris Paul",58,6.3,13.8,0.46,2.5,6.5,0.384615385,3.8,7.2,0.532,0.55,3.5,3.8,0.919,0.6,4.8,5.4,7.9,1.7,0.2,2.2,2.4,18.6,"PG",32,58,1847,24.4,0.604,0.475,0.277,2.3,16.7,9.5,40.9,2.6,0.6,12.5,24.5,7.5,2.7,10.2,0.265,6.2,0.9,7.1,4.3,24599495
"54","Clint Capela",74,6,9.1,0.652,0,0,0,6,9.1,0.653,0.652,1.9,3.5,0.56,3.3,7.6,10.8,0.9,0.8,1.9,1.4,2.5,13.9,"C",23,74,2034,24.5,0.65,0.001,0.38,13.5,30.8,22.2,5.7,1.4,5.7,11.5,19.4,6.2,4.1,10.2,0.242,0.1,2.9,3,2.6,2334520
"55","Cody Zeller",0,2.6,4.7,0.545,0.1,0.1,1,2.5,4.6,0.542,0.551,1.8,2.6,0.718,2,3.3,5.4,0.9,0.4,0.6,1,2.5,7.1,"C",25,33,627,15.9,0.602,0.019,0.545,11.4,19.3,15.3,7.4,1.1,2.8,14.6,15.7,1.2,0.7,1.9,0.145,-0.6,1.3,0.7,0.4,12584270
"56","Corey Brewer",18,2,4.4,0.449,0.4,1.5,0.266666667,1.5,2.9,0.539,0.498,0.9,1.3,0.722,0.6,1.5,2.1,0.9,1.1,0.2,0.7,1.9,5.3,"SG",31,72,1208,11.2,0.534,0.348,0.285,3.8,10,6.9,7.5,3.2,1,12.1,14.3,0.7,1.6,2.3,0.091,-1.6,1,-0.6,0.4,7579366
"57","Cory Joseph",17,3.1,7.4,0.424,0.8,2.3,0.347826087,2.3,5,0.457,0.479,0.9,1.1,0.745,0.5,2.7,3.2,3.2,1,0.2,1.1,1.7,7.9,"PG",26,82,2210,11,0.503,0.315,0.156,2,11.4,6.7,16.1,1.8,0.7,11.9,14.8,1.2,2,3.1,0.068,-1.3,0.1,-1.2,0.5,7630000
"58","Courtney Lee",69,4.5,9.9,0.454,1.5,3.7,0.405405405,3,6.3,0.482,0.529,1.5,1.6,0.919,0.4,2.6,2.9,2.4,1.1,0.2,1.1,1.4,12,"SG",32,76,2310,13,0.564,0.368,0.164,1.4,9.3,5.4,11.3,1.7,0.6,9.4,16.9,2.7,1.2,3.9,0.082,0.8,-0.7,0,1.2,11747890
"59","Cristiano Felicio",16,2.3,3.9,0.591,0,0,0,2.3,3.9,0.596,0.591,1,1.5,0.667,1.5,2.7,4.2,1,0.3,0.2,1,1.9,5.6,"C",25,55,977,12.5,0.614,0.009,0.377,8.8,17.1,12.8,8.4,0.8,1,17.7,13.6,1.2,0.5,1.7,0.086,-2.3,-0.1,-2.4,-0.1,7843500
"60","D.J. Augustin",36,3.3,7.2,0.452,1.5,3.6,0.416666667,1.7,3.6,0.485,0.557,2.2,2.5,0.868,0.4,1.7,2.1,3.8,0.7,0,1.6,1.3,10.2,"PG",30,75,1760,15.4,0.615,0.504,0.35,1.9,8.2,5,24.4,1.5,0,16.5,18.6,3.3,0.8,4.1,0.11,1.5,-2.5,-0.9,0.5,7250000
"61","D'Angelo Russell",35,5.8,14,0.414,1.9,5.8,0.327586207,3.9,8.2,0.477,0.481,2,2.7,0.74,0.6,3.3,3.9,5.2,0.8,0.4,3.1,1.9,15.5,"PG",21,48,1234,15.2,0.509,0.414,0.195,2.6,13.8,8.1,35.7,1.4,1,16.8,30.8,-0.5,0.9,0.4,0.014,0.8,-1.2,-0.4,0.5,5562360
"62","Dakari Johnson",6,0.7,1.3,0.564,0,0,0,0.7,1.3,0.564,0.564,0.4,0.6,0.55,0.5,0.6,1.1,0.3,0.2,0.3,0.1,0.9,1.8,"C",22,31,161,16.4,0.575,0,0.513,10.7,12.8,11.7,7.2,1.8,4.5,5.9,13.5,0.4,0.2,0.6,0.178,-0.9,1.2,0.3,0.1,815615
"63","Damian Lillard",73,8.5,19.4,0.439,3.1,8.6,0.360465116,5.4,10.8,0.501,0.519,6.8,7.4,0.916,0.8,3.6,4.5,6.6,1.1,0.4,2.8,1.6,26.9,"PG",27,73,2670,25.2,0.594,0.445,0.38,2.6,10.6,6.6,30.9,1.4,0.8,11.1,30.6,9.9,2.7,12.6,0.227,7.7,-1,6.7,5.9,26153057
"64","Damien Wilkins",1,0.7,2.1,0.333,0.2,0.9,0.222222222,0.5,1.1,0.429,0.385,0.2,0.2,0.75,0.3,0.6,0.8,0.5,0.1,0.1,0.3,0.4,1.7,"SF",38,19,152,4.9,0.405,0.462,0.103,3.7,8.1,5.9,7.8,0.7,0.6,10.9,13.4,-0.1,0.1,-0.1,-0.019,-4.4,-2.1,-6.5,-0.2,2116955
"65","Damyean Dotson",2,1.6,3.7,0.447,0.5,1.5,0.333333333,1.1,2.1,0.538,0.516,0.4,0.5,0.696,0.2,1.7,1.9,0.7,0.3,0,0.4,0.8,4.1,"SG",23,44,474,11.6,0.532,0.422,0.143,2.1,17.5,9.8,9.5,1.3,0.4,9,17.3,0.3,0.3,0.6,0.06,-1.4,-1.7,-3.1,-0.1,1100000
"66","Daniel Theis",3,2,3.7,0.541,0.3,0.9,0.333333333,1.7,2.8,0.617,0.579,1,1.3,0.753,1.4,2.9,4.3,0.9,0.5,0.8,0.9,2.5,5.3,"C",25,63,936,16.1,0.616,0.249,0.348,10.7,21.2,16,9.1,1.6,4.3,17.2,15.5,1.6,1.9,3.5,0.178,-0.8,3.4,2.6,1.1,815615
"67","Danilo Gallinari",21,4.9,12.2,0.398,1.7,5.3,0.320754717,3.1,6.9,0.455,0.469,3.9,4.1,0.931,0.4,4.4,4.8,2,0.6,0.5,1.2,1.4,15.3,"SF",29,21,671,13.8,0.545,0.434,0.34,1.5,14.9,8.3,8.9,0.9,1.2,8.1,20.6,0.8,0.4,1.2,0.088,0,-1.4,-1.4,0.1,20559599
"68","Danny Green",60,3.1,8,0.387,1.7,4.6,0.369565217,1.4,3.4,0.419,0.49,0.7,0.9,0.769,0.6,3,3.6,1.6,0.9,1.1,1.1,1.7,8.6,"SG",30,70,1791,11.4,0.509,0.57,0.116,2.5,13,7.7,8.9,1.8,3.7,11.2,16.6,0.1,2.9,2.9,0.078,-1.1,2.2,1.2,1.4,1e+07
"69","Dante Cunningham",25,2.2,5,0.451,0.8,2.3,0.347826087,1.5,2.7,0.541,0.53,0.4,0.7,0.596,1.1,3,4.1,0.7,0.5,0.4,0.5,1.5,5.7,"SF",30,73,1562,10,0.539,0.462,0.143,5.5,14.9,10.3,4.3,1.2,1.5,7.9,11.6,1.1,1.3,2.4,0.074,-1.4,0.1,-1.4,0.2,2300000
"70","Dante Exum",0,3,6.2,0.483,0.4,1.3,0.307692308,2.6,4.9,0.536,0.511,1.8,2.2,0.806,0.3,1.6,1.9,3.1,0.6,0.2,1.4,1.4,8.1,"PG",22,14,235,16.7,0.566,0.207,0.356,2,10.5,6.3,29.7,1.7,1.1,16.6,23.1,0.3,0.3,0.7,0.133,-0.5,-0.7,-1.2,0,4992385
"71","Dario Saric",73,5.2,11.4,0.453,2,5.1,0.392156863,3.2,6.3,0.501,0.541,2.3,2.7,0.86,2,4.7,6.7,2.6,0.7,0.3,1.9,2.1,14.6,"PF",23,78,2310,15.8,0.582,0.448,0.233,7.5,16.4,12.1,13,1.1,0.7,13.1,20.9,3.8,2.8,6.6,0.137,1.6,-0.2,1.4,2,2422560
"72","Darius Miller",3,2.6,5.9,0.444,1.8,4.4,0.409090909,0.8,1.6,0.535,0.594,0.7,0.8,0.866,0.2,1.8,2,1.4,0.3,0.2,0.7,2,7.8,"SF",27,82,1944,9.3,0.617,0.735,0.138,1,7.9,4.6,7.5,0.7,0.7,10.1,12.8,2.1,0.9,3,0.075,0.5,-1.6,-1,0.5,2100000
"73","Darren Collison",64,4.6,9.2,0.495,1.4,3,0.466666667,3.2,6.3,0.508,0.571,1.8,2.1,0.882,0.5,2,2.6,5.3,1.3,0.2,1.2,1.8,12.4,"PG",30,69,2018,18.8,0.61,0.321,0.226,2.1,7.8,5,26.4,2.3,0.7,10.9,17.4,5.8,1.8,7.6,0.181,3.1,-1,2.2,2.1,1e+07
"74","David Nwaba",21,2.9,6,0.478,0.3,0.7,0.428571429,2.6,5.3,0.496,0.499,1.9,2.9,0.655,1.3,3.4,4.7,1.5,0.8,0.4,1.1,2.3,7.9,"SG",25,70,1646,12.2,0.542,0.123,0.48,5.6,16,10.6,9.4,1.7,1.6,13.1,15.6,1.1,1.4,2.4,0.071,-2.5,0.9,-1.6,0.1,1312611
"75","David West",0,3,5.2,0.571,0,0.1,0,2.9,5.1,0.576,0.575,0.8,1.1,0.759,0.9,2.4,3.3,1.9,0.6,1,1.1,1.6,6.8,"C",37,73,999,20.9,0.6,0.021,0.209,7.7,18.2,13.3,20.5,2.3,5.9,16.2,21.7,1.8,1.7,3.5,0.168,-0.2,3.2,3,1.3,2328652
"76","Davis Bertans",10,2.1,4.8,0.44,1.2,3.3,0.363636364,0.9,1.5,0.588,0.568,0.5,0.6,0.816,0.2,1.8,2,1,0.3,0.4,0.5,1.2,5.9,"PF",25,77,1086,14.1,0.588,0.689,0.134,1.8,13.9,7.8,10.3,1.2,2.1,8.5,17.4,1.6,1.4,3.1,0.135,1.2,-0.3,1,0.8,1312611
"77","Davon Reed",1,1,3.6,0.289,0.5,1.8,0.277777778,0.5,1.8,0.289,0.362,0.4,0.6,0.667,0.1,1.8,1.9,0.6,0.5,0.1,0.5,0.8,3,"SG",22,21,242,4.8,0.388,0.5,0.158,0.9,16.6,8.6,7.6,2,0.7,11,16,-0.5,0.2,-0.3,-0.059,-5.8,-1,-6.7,-0.3,815615
"78","De'Aaron Fox",60,4.5,10.9,0.412,0.6,2.1,0.285714286,3.8,8.8,0.436,0.441,1.9,2.7,0.723,0.5,2.3,2.8,4.4,1,0.3,2.4,2.2,11.6,"PG",20,73,2026,11.2,0.478,0.192,0.245,1.8,10,5.7,24.6,1.7,0.9,16.4,23.4,-1.7,1.1,-0.6,-0.014,-2.8,-1.5,-4.4,-1.2,4609200
"79","DeAndre Jordan",77,4.8,7.5,0.645,0,0,0,4.8,7.5,0.645,0.645,2.4,4.1,0.58,4.3,10.9,15.2,1.5,0.5,0.9,1.8,2.6,12,"C",29,77,2424,20.2,0.648,0,0.54,15.1,37.6,26.5,7.1,0.8,2.4,16.1,15.2,6,3.4,9.4,0.186,0.5,1.6,2.1,2.5,22642350
"80","DeAndre Liggins",4,0.7,1.8,0.377,0.3,0.9,0.333333333,0.4,0.9,0.396,0.467,0,0.1,0.4,0.1,1.2,1.3,0.8,0.6,0.2,0.3,1.4,1.7,"SG",29,58,724,6,0.467,0.5,0.047,1.1,10.6,5.9,8.4,2.5,1.6,15.6,7.9,-0.2,0.7,0.5,0.034,-3.4,1.2,-2.2,0,1776241
"81","DeAndre' Bembry",3,2,4.9,0.414,0.4,1.2,0.333333333,1.6,3.8,0.429,0.457,0.7,1.3,0.576,0.3,2.5,2.8,1.9,0.8,0.5,1.8,1.5,5.2,"SF",23,26,455,7.6,0.477,0.234,0.258,2,15.7,8.8,15.9,2.3,2.3,24.8,18.2,-0.9,0.5,-0.4,-0.04,-5.9,1.5,-4.4,-0.3,1567200
"82","Dejounte Murray",48,3.3,7.5,0.443,0.1,0.4,0.25,3.2,7.1,0.454,0.451,1.3,1.8,0.709,1.4,4.3,5.7,2.9,1.2,0.4,1.7,1.9,8.1,"PG",21,81,1743,15.1,0.485,0.056,0.243,7,22.4,14.6,20.2,2.8,1.5,16.6,20.7,-0.2,3.4,3.2,0.087,-2.2,3.4,1.2,1.4,1312611
"83","Delon Wright",4,2.9,6.3,0.465,0.8,2.2,0.363636364,2.1,4,0.52,0.53,1.4,1.7,0.829,0.7,2.2,2.9,2.9,1,0.5,1.1,1.2,8,"PG",25,69,1433,16.5,0.574,0.354,0.271,3.6,11.7,7.7,19.6,2.5,1.8,13.9,17.2,2.5,2.1,4.5,0.152,1.2,1.6,2.8,1.7,1645200
"84","DeMar DeRozan",80,8.1,17.7,0.456,1.1,3.6,0.305555556,7,14.1,0.493,0.488,5.8,7,0.825,0.7,3.2,3.9,5.2,1.1,0.3,2.2,1.9,23,"SG",28,80,2711,21,0.555,0.202,0.396,2.5,10.4,6.5,25,1.5,0.6,9.5,29.6,6.8,2.8,9.6,0.17,2.7,-0.9,1.8,2.6,27739975
"85","DeMarcus Cousins",48,8.5,18,0.47,2.2,6.1,0.360655738,6.3,11.9,0.53,0.53,6.1,8.2,0.746,2.2,10.7,12.9,5.4,1.6,1.6,5,3.8,25.2,"C",27,48,1737,22.6,0.583,0.34,0.456,6.8,30.9,19.2,23,2.2,3.5,18.9,31.9,1.5,3.2,4.7,0.13,1.9,3.6,5.5,3.3,18063850
"86","DeMarre Carroll",73,4.5,10.8,0.414,2,5.4,0.37037037,2.5,5.4,0.457,0.506,2.6,3.4,0.764,1.4,5.1,6.6,2,0.8,0.4,1.4,2.3,13.5,"SF",31,73,2180,14.3,0.55,0.498,0.313,5.1,18.4,11.7,10.5,1.3,1,10.3,19.8,2.3,1.8,4.1,0.091,0.4,-0.3,0.2,1.2,14800000
"87","Dennis Schroder",67,7.5,17.1,0.436,1.1,3.9,0.282051282,6.3,13.2,0.48,0.469,3.4,4,0.849,0.7,2.4,3.1,6.2,1.1,0.1,2.7,2.2,19.4,"PG",24,67,2078,17.3,0.515,0.229,0.231,2.4,8.8,5.6,36.2,1.7,0.2,12.7,30.4,1.5,1,2.6,0.059,1.5,-2.2,-0.7,0.7,15500000
"88","Dennis Smith",69,5.9,14.8,0.395,1.5,4.9,0.306122449,4.3,9.9,0.436,0.447,1.9,2.8,0.694,0.7,3,3.8,5.2,1,0.3,2.8,2.2,15.2,"PG",20,69,2049,12.8,0.473,0.331,0.189,2.6,11.8,7,29.5,1.7,0.8,15,28.9,-2.4,1.7,-0.7,-0.017,-1.5,-0.7,-2.3,-0.1,3218280
"89","Denzel Valentine",37,3.9,9.4,0.417,1.9,4.8,0.395833333,2.1,4.6,0.45,0.517,0.5,0.7,0.745,0.6,4.5,5.1,3.2,0.8,0.1,1.3,2.4,10.2,"SG",24,77,2095,12.1,0.527,0.513,0.071,2.4,18.3,10.1,17.8,1.5,0.5,11.8,17.5,1,1.5,2.5,0.057,-0.4,-0.1,-0.5,0.8,2186400
"90","Derrick Favors",77,5.1,9.1,0.563,0.2,0.8,0.25,4.9,8.3,0.596,0.573,1.8,2.8,0.651,2.6,4.6,7.2,1.3,0.7,1.1,1.1,2.1,12.3,"C",26,77,2153,18.8,0.593,0.09,0.306,10.6,18.5,14.6,7.8,1.3,3.2,9.9,18.5,4.5,3.5,8,0.179,0.5,2.2,2.7,2.5,1.2e+07
"91","Derrick Jones",8,1.1,2.7,0.396,0.2,0.9,0.222222222,0.9,1.8,0.514,0.425,0.8,1.2,0.667,1.1,0.9,1.9,0.5,0.2,0.7,0.4,1.2,3.1,"SF",20,20,245,10.1,0.48,0.34,0.453,9.6,7.8,8.7,5.1,0.8,4.4,9.9,12.8,0.1,0.2,0.4,0.075,-2.7,0.7,-2,0,1312611
"92","Derrick Rose",7,3.2,7.4,0.435,0.3,1.2,0.25,3,6.2,0.474,0.454,1.6,1.8,0.87,0.5,0.9,1.4,1.5,0.3,0.2,1.4,0.6,8.4,"PG",29,25,420,11.5,0.507,0.161,0.247,3.5,5.8,4.7,13.6,0.8,0.8,14.5,25.4,-0.2,0.1,-0.2,-0.018,-3.8,-3.9,-7.8,-0.6,2116955
"93","Devin Booker",54,8.4,19.5,0.432,2.7,7.1,0.38028169,5.7,12.4,0.46,0.501,5.4,6.1,0.878,0.5,4,4.5,4.7,0.9,0.3,3.6,3.1,24.9,"SG",21,54,1865,18.1,0.561,0.364,0.312,1.5,12.7,7,24.4,1.2,0.6,13.9,31.7,1.9,0.6,2.4,0.063,2.9,-2.4,0.4,1.2,2319360
"94","Devin Harris",1,2.6,6.4,0.412,1.1,3.2,0.34375,1.5,3.2,0.476,0.499,2,2.4,0.835,0.2,1.6,1.8,2.1,0.7,0.2,1.1,2.2,8.4,"PG",34,71,1340,13,0.563,0.5,0.374,1,9.8,5.3,16.9,1.8,0.8,12.6,20.2,1.6,0.9,2.5,0.09,-0.1,-1.9,-2,0,4402546
"95","Dewayne Dedmon",46,4,7.7,0.524,0.8,2.3,0.347826087,3.2,5.4,0.595,0.577,1.1,1.4,0.779,1.6,6.3,7.9,1.5,0.6,0.8,1.4,2.6,10,"C",28,62,1542,15.8,0.599,0.296,0.18,7.2,28.1,17.7,9.2,1.3,2.8,14.3,17,1.8,1.9,3.7,0.114,-1,1.6,0.5,1,6e+06
"96","Deyonta Davis",6,2.6,4.3,0.608,0,0,0,2.6,4.3,0.608,0.608,0.6,0.9,0.667,1.2,2.8,4,0.6,0.2,0.6,0.5,2,5.8,"C",21,62,943,16.6,0.621,0,0.215,9,22,15.3,7.1,0.8,3.9,9.9,15.3,1.9,0.8,2.7,0.138,-1.3,0.4,-0.9,0.3,1312611
"97","Dillon Brooks",74,4.1,9.4,0.44,1.1,3.2,0.34375,3,6.2,0.484,0.501,1.5,2,0.747,0.6,2.5,3.1,1.6,0.9,0.2,1.5,2.8,11,"SF",22,82,2350,9.8,0.531,0.342,0.215,2.4,10.5,6.3,9.3,1.6,0.7,12.8,18.5,0.1,1.1,1.2,0.024,-1.8,-1.3,-3.1,-0.7,815615
"98","Dion Waiters",30,5.4,13.7,0.398,1.7,5.7,0.298245614,3.7,8,0.463,0.461,1.7,2.3,0.739,0.3,2.3,2.6,3.8,0.8,0.3,2.3,2,14.3,"SG",26,30,918,10.5,0.487,0.415,0.168,1,8.5,4.7,19.8,1.3,0.8,13.7,25,-0.7,0.8,0.1,0.004,-2,-2,-4,-0.5,1.1e+07
"99","Dirk Nowitzki",77,4.5,9.8,0.456,1.8,4.4,0.409090909,2.7,5.5,0.494,0.547,1.3,1.4,0.898,0.3,5.4,5.7,1.6,0.6,0.6,0.7,1.9,12,"C",39,77,1900,16.7,0.575,0.445,0.142,1.2,25.2,12.8,10.4,1.1,2.1,6,20.5,2.6,2.2,4.8,0.121,0.1,0.3,0.3,1.1,5e+06
"100","Domantas Sabonis",19,4.6,8.9,0.514,0.2,0.5,0.4,4.4,8.4,0.524,0.524,2.3,3,0.75,2.2,5.5,7.7,2,0.5,0.4,1.9,3,11.6,"C",21,74,1810,17.5,0.567,0.056,0.339,10.4,25.2,17.8,12.7,1.1,1.6,15.3,22.1,2.5,2.2,4.7,0.126,-0.8,0.5,-0.2,0.8,2550000
"101","Donovan Mitchell",71,7.5,17.2,0.437,2.4,7,0.342857143,5.2,10.3,0.502,0.506,3,3.8,0.805,0.7,3.1,3.7,3.7,1.5,0.3,2.7,2.7,20.5,"SG",21,79,2638,16.7,0.541,0.404,0.218,2.3,10.4,6.4,19.4,2.2,0.9,12.6,29.1,1.4,3.8,5.2,0.095,1.3,-0.2,1.1,2.1,2621280
"102","Dorian Finney-Smith",13,2.2,5.8,0.38,1,3.2,0.3125,1.2,2.6,0.481,0.463,0.5,0.7,0.733,1,2.5,3.6,1.2,0.5,0.2,1,2,5.9,"PF",24,21,448,7.6,0.482,0.554,0.124,5.3,13.6,9.3,8.4,1.1,0.8,14.1,15.1,-0.2,0.3,0.1,0.015,-2.8,-0.3,-3.1,-0.1,1312611
"103","Doug McDermott",4,2.9,6.3,0.467,1.1,2.7,0.407407407,1.8,3.6,0.497,0.557,0.8,1,0.79,0.5,2,2.5,1,0.2,0.2,0.7,1.5,7.8,"SF",26,81,1768,10.4,0.579,0.425,0.159,2.5,10.2,6.3,6.5,0.5,0.8,9.3,15,1.7,0.6,2.3,0.063,-0.7,-1.7,-2.4,-0.2,3294994
"104","Dragan Bender",37,2.3,5.9,0.386,1.4,3.9,0.358974359,0.8,2,0.426,0.508,0.5,0.6,0.765,0.5,3.9,4.4,1.6,0.3,0.6,1.4,2,6.5,"PF",20,82,2069,7.1,0.524,0.665,0.105,2,16.8,9.3,8.9,0.5,2.1,18.1,12.7,-0.7,0.8,0.1,0.001,-2.7,0,-2.7,-0.4,4468800
"105","Draymond Green",70,4,8.8,0.454,1.1,3.7,0.297297297,2.9,5.2,0.562,0.516,1.9,2.5,0.775,1.1,6.6,7.6,7.3,1.4,1.3,2.9,2.6,11,"PF",27,70,2287,16.1,0.556,0.414,0.279,3.9,21.1,13.1,29,2,3.1,22.5,17.2,2.6,3.4,6.1,0.127,0.4,2.7,3.2,3,16400000
"106","Dwayne Bacon",6,1.4,3.6,0.375,0.2,0.8,0.25,1.2,2.8,0.409,0.404,0.4,0.5,0.8,0.1,2.3,2.3,0.7,0.3,0,0.4,0.9,3.3,"SG",22,53,713,5.8,0.431,0.224,0.13,0.6,18.5,9.4,7.5,1.1,0.2,10.2,13.7,-0.7,0.6,-0.1,-0.007,-5.4,-0.3,-5.7,-0.7,815615
"107","Dwight Buycks",0,2.8,6.8,0.414,0.5,1.6,0.3125,2.3,5.3,0.438,0.452,1.2,1.4,0.878,0.4,1,1.4,2,0.7,0.1,1.3,1.3,7.4,"PG",28,29,427,12.8,0.498,0.227,0.207,3,7.7,5.3,22.4,2.2,0.4,15.3,26.4,-0.2,0.4,0.2,0.027,-2.5,-1.8,-4.3,-0.2,748160
"108","Dwight Howard",81,6.2,11.2,0.555,0,0.1,0,6.2,11.2,0.559,0.556,4.1,7.2,0.574,3.1,9.3,12.5,1.3,0.6,1.6,2.6,3.1,16.6,"C",32,81,2463,20.5,0.577,0.008,0.639,11,33.8,22.2,7.1,1,4.4,15.1,24.2,2.9,3.9,6.8,0.132,-2,1.7,-0.3,1.1,23500000
"109","Dwight Powell",25,3.2,5.4,0.593,0.4,1.1,0.363636364,2.9,4.4,0.656,0.626,1.7,2.3,0.719,1.7,3.9,5.6,1.2,0.8,0.4,0.7,2.4,8.5,"C",26,79,1672,18.8,0.656,0.195,0.43,8.7,21.3,14.7,8.5,2,1.7,10.3,15.5,4.6,2.1,6.6,0.191,1.1,1.6,2.7,2,9003125
"110","Dwyane Wade",3,4.5,10.2,0.438,0.5,1.7,0.294117647,4,8.5,0.468,0.462,2,2.8,0.714,0.7,3,3.8,3.4,0.9,0.7,2.1,1.9,11.4,"SG",36,67,1536,15,0.5,0.163,0.277,3.7,14.6,9.2,23.5,2,2.6,15.5,26.2,-0.4,1.6,1.1,0.036,-2.4,0.3,-2.1,0,17878652
"111","E'Twaun Moore",80,5.2,10.1,0.508,1.6,3.7,0.432432432,3.6,6.5,0.556,0.585,0.6,0.8,0.706,0.7,2.2,2.9,2.3,1,0.1,1.2,2.2,12.5,"SG",28,82,2586,12.1,0.593,0.362,0.082,2.5,7.3,5,10.1,1.5,0.4,10.6,16.1,2.8,1.6,4.4,0.081,0.6,-0.8,-0.2,1.2,8445024
"112","Ed Davis",0,2.2,3.7,0.582,0,0,0,2.2,3.7,0.584,0.582,0.9,1.4,0.667,2.3,5,7.4,0.5,0.4,0.7,0.8,2.4,5.3,"C",28,78,1471,15.5,0.607,0.003,0.38,13.7,28.8,21.3,3.9,1.1,2.9,16.2,12.1,2.5,2.5,5,0.164,-1.8,1.8,0,0.7,6352531
"113","Ekpe Udoh",3,1,1.9,0.5,0,0,0,1,1.9,0.504,0.5,0.7,0.9,0.75,1.1,1.3,2.4,0.8,0.7,1.2,0.3,1.7,2.6,"C",30,63,810,15.2,0.56,0.008,0.467,9.6,11.4,10.5,9.1,2.7,7.7,12.1,9.1,1.3,1.8,3.2,0.187,-1.1,6.8,5.7,1.6,3200000
"114","Elfrid Payton",63,5.2,10.6,0.493,0.5,1.5,0.333333333,4.7,9.1,0.52,0.516,1.7,2.7,0.649,1,3.3,4.3,6.2,1.3,0.3,2.7,2.3,12.7,"PG",23,63,1808,16.5,0.538,0.138,0.252,3.8,12.8,8.2,34.9,2.2,1,18.5,21.9,1.4,1.4,2.8,0.075,0.1,0,0.1,1,3332340
"115","Emeka Okafor",19,1.8,3.7,0.505,0,0,0,1.8,3.7,0.505,0.505,0.7,0.8,0.818,1.8,2.8,4.6,0.3,0.3,1,0.5,1.2,4.4,"C",35,26,353,16.4,0.545,0,0.232,14.9,21.7,18.4,3.1,1.1,5.6,11,14.4,0.5,0.5,1,0.14,-2.6,1.3,-1.3,0.1,239204
"116","Emmanuel Mudiay",14,3.2,8.2,0.388,0.7,2.3,0.304347826,2.5,5.9,0.415,0.433,1.5,2,0.76,0.4,2,2.4,3.2,0.6,0.2,1.8,1.3,8.6,"PG",21,64,1245,11.5,0.474,0.281,0.245,2.3,11.3,6.8,24.5,1.6,0.8,16.2,24.3,-0.7,0.7,0,-0.002,-2.6,-2.1,-4.7,-0.9,3381480
"117","Enes Kanter",71,5.9,10,0.592,0,0,0,5.9,10,0.594,0.592,2.2,2.6,0.848,3.8,7.1,11,1.5,0.5,0.5,1.7,2.6,14.1,"C",25,71,1830,24,0.63,0.003,0.258,16.6,30.6,23.6,9.4,1,1.7,13.3,21.8,5.5,2.1,7.6,0.198,2.4,0.1,2.5,2.1,20566802
"118","Eric Bledsoe",74,6.3,13.4,0.473,1.7,4.9,0.346938776,4.6,8.5,0.545,0.536,3.4,4.3,0.792,0.7,3.1,3.8,5,2,0.6,2.9,2.5,17.7,"PG",28,74,2322,19.7,0.582,0.364,0.322,2.6,11.7,7.1,25.7,3.2,1.5,16.1,26.1,3.1,2.5,5.6,0.116,2.4,-0.3,2.1,2.4,14500000
"119","Eric Gordon",30,6,14.1,0.428,3.2,8.8,0.363636364,2.9,5.2,0.544,0.54,2.8,3.5,0.809,0.4,2.1,2.5,2.2,0.6,0.4,1.9,1.7,18,"SG",29,69,2154,15.2,0.578,0.627,0.248,1.3,7.5,4.4,11.7,1,1.1,10.8,24.7,2.9,1.8,4.7,0.105,1.4,-2.4,-1,0.5,12943020
"120","Eric Moreland",3,1,1.8,0.541,0,0,0,1,1.8,0.541,0.541,0.2,0.4,0.379,1.2,2.9,4.1,1.2,0.5,0.8,0.6,1.7,2.1,"PF",26,67,805,13.9,0.531,0,0.238,10.9,27.6,19.1,13.3,1.9,5.6,23.8,9.7,0.7,1.6,2.3,0.135,-3.1,5.8,2.6,0.9,1739333
"121","Ersan Ilyasova",43,4,8.9,0.452,1.3,3.7,0.351351351,2.7,5.2,0.517,0.526,1.5,2,0.778,1.7,4.2,5.9,1.3,0.9,0.4,1,2.3,10.9,"PF",30,69,1729,14.9,0.558,0.413,0.22,7.6,18,12.9,7.9,1.7,1.3,9.7,18.7,2.2,1.9,4,0.112,0.2,-0.1,0.1,0.9,6502328
"122","Evan Fournier",57,6.5,14.1,0.459,2.2,5.9,0.372881356,4.2,8.2,0.516,0.538,2.6,3,0.867,0.4,2.8,3.2,2.9,0.8,0.3,1.7,2.4,17.8,"SF",25,57,1837,15.5,0.577,0.418,0.216,1.4,9.5,5.4,14.8,1.3,0.7,9.8,23.3,2.4,0.9,3.3,0.087,1.6,-2.1,-0.4,0.7,1.7e+07
"123","Evan Turner",40,3.3,7.3,0.447,0.5,1.7,0.294117647,2.7,5.6,0.485,0.484,1.2,1.4,0.85,0.4,2.7,3.1,2.2,0.6,0.4,1.3,2.1,8.2,"SF",29,79,2034,9.9,0.52,0.229,0.185,1.6,11.4,6.5,12.4,1.1,1.2,13.7,15.6,0.5,2.1,2.6,0.061,-2.4,0.6,-1.8,0.1,17131148
"124","Frank Kaminsky",4,3.9,9.1,0.429,1.3,3.5,0.371428571,2.6,5.6,0.459,0.501,2,2.5,0.799,0.6,3.1,3.6,1.6,0.5,0.2,0.8,1.2,11.1,"PF",24,79,1835,14.4,0.545,0.383,0.271,2.7,14.5,8.5,11,1,0.9,7.6,20.5,2.3,1.3,3.6,0.094,0.3,-1.2,-0.9,0.5,2847600
"125","Frank Mason",2,2.8,7.3,0.379,0.6,1.7,0.352941176,2.2,5.7,0.384,0.42,1.8,2.2,0.817,0.6,1.9,2.5,2.8,0.7,0.2,1.3,1.4,7.9,"PG",23,52,984,13,0.48,0.226,0.303,3.3,12.1,7.5,22.7,1.7,1,13.1,22.6,0,0.6,0.5,0.027,-2,-1.4,-3.4,-0.4,1184385
"126","Frank Ntilikina",9,2.3,6.4,0.364,0.6,2,0.3,1.7,4.4,0.385,0.414,0.6,0.9,0.721,0.5,1.8,2.3,3.2,0.8,0.2,1.7,2.3,5.9,"PG",19,78,1706,7,0.437,0.314,0.136,2.4,9.1,5.8,20,1.9,0.9,19.8,16.9,-2,1.1,-0.9,-0.026,-3.5,-0.5,-3.9,-0.8,3501120
"127","Fred VanVleet",0,3.1,7.2,0.426,1.4,3.4,0.411764706,1.6,3.7,0.437,0.525,1.1,1.3,0.832,0.3,2.1,2.4,3.2,0.9,0.3,1,1.7,8.6,"PG",23,76,1520,15.9,0.556,0.479,0.185,1.9,11.5,6.8,22.8,2.2,1,11.2,19.1,2.7,2,4.7,0.149,1.9,0.1,1.9,1.5,1312611
"128","Garrett Temple",35,3.1,7.3,0.418,1.4,3.5,0.4,1.7,3.8,0.442,0.512,0.9,1.2,0.769,0.3,2,2.3,1.9,0.9,0.4,1.2,2.1,8.4,"SG",31,65,1615,10.2,0.536,0.477,0.164,1.5,9.6,5.4,11.3,1.8,1.6,13.4,16.4,0.3,0.9,1.2,0.035,-1.3,-0.6,-1.9,0.1,8e+06
"129","Gary Harris",65,6.6,13.6,0.485,2.3,5.9,0.389830508,4.2,7.7,0.553,0.57,2,2.4,0.827,0.6,2.1,2.6,2.9,1.8,0.2,1.8,1.8,17.5,"SG",23,67,2304,16.5,0.597,0.434,0.178,1.8,6.8,4.3,13,2.6,0.5,10.8,20.7,3.9,1.5,5.5,0.114,2.4,-1.5,0.9,1.7,2550055
"130","Gary Payton",6,1.3,3.2,0.405,0.3,1.1,0.272727273,1,2.1,0.49,0.446,0.1,0.4,0.333,0.6,1.3,1.9,0.9,0.3,0.1,0.3,1.3,3,"PG",25,23,221,9.8,0.443,0.338,0.122,6.5,15.5,11,13.7,1.5,1.1,8.2,16.8,0,0.2,0.2,0.041,-2.7,-0.9,-3.6,-0.1,50000
"131","George Hill",60,3.5,7.7,0.46,1.3,3.1,0.419354839,2.3,4.6,0.49,0.543,1.6,2.1,0.786,0.6,2.1,2.7,2.8,0.9,0.4,1.3,1.9,10,"PG",31,67,1812,13.3,0.58,0.4,0.273,2.6,8.9,5.7,15,1.7,1.3,13.3,16.3,2.3,0.9,3.2,0.085,0.3,-0.9,-0.6,0.6,2e+07
"132","Gerald Green",2,4.1,10.1,0.407,2.7,7.3,0.369863014,1.4,2.8,0.504,0.54,1.2,1.5,0.85,0.4,2.9,3.2,0.6,0.6,0.4,0.8,2.1,12.1,"SG",32,41,929,14.1,0.566,0.722,0.145,1.8,14.2,8.1,4.3,1.3,1.4,6.6,22.4,1,1,2.1,0.107,0.5,-2.4,-1.9,0,947248
"133","Giannis Antetokounmpo",75,9.9,18.7,0.529,0.6,1.9,0.315789474,9.3,16.8,0.554,0.545,6.5,8.5,0.76,2.1,8,10,4.8,1.5,1.4,3,3.1,26.9,"PF",23,75,2756,27.3,0.598,0.1,0.457,6.7,25.3,16,23.7,2,3.3,11.7,31.2,8.3,3.6,11.9,0.207,3.9,1.9,5.8,5.4,22471910
"134","Glenn Robinson",1,1.6,3.7,0.424,0.6,1.5,0.4,1,2.2,0.431,0.506,0.4,0.5,0.818,0.5,1.1,1.6,0.7,0.6,0,0.2,0.6,4.1,"SF",24,23,338,10.8,0.529,0.4,0.129,3.7,8.6,6.2,6.8,1.9,0.3,5.3,12.5,0.4,0.3,0.6,0.088,-0.9,-0.9,-1.8,0,1524305
"135","Goran Dragic",75,6.5,14.3,0.45,1.5,4,0.375,5,10.3,0.481,0.502,2.9,3.6,0.801,0.7,3.4,4.1,4.8,0.8,0.2,2.2,2.4,17.3,"PG",31,75,2378,16.6,0.543,0.279,0.252,2.5,12,7.2,25.4,1.3,0.4,12.2,25.7,2.9,2.3,5.3,0.106,1,-1.1,-0.1,1.2,17000450
"136","Gorgui Dieng",0,2.4,4.9,0.479,0.2,0.8,0.25,2.1,4.1,0.511,0.504,1,1.3,0.775,1.3,3.2,4.6,0.9,0.6,0.5,0.7,1.9,5.9,"C",28,79,1333,14.7,0.543,0.157,0.263,9.1,22.2,15.6,7.5,1.7,2.6,12,16.3,1.6,1.3,2.9,0.105,-1,0.6,-0.4,0.5,14112360
"137","Greg Monroe",14,4.3,7.6,0.565,0,0,0,4.3,7.6,0.565,0.565,1.7,2.3,0.739,2.1,4.7,6.9,2.2,0.9,0.5,1.8,1.9,10.3,"C",27,51,1040,21.2,0.598,0,0.308,11.4,25.2,18.3,18.7,2.1,1.8,17.7,22.4,1.8,1.6,3.4,0.155,0.1,2.3,2.4,1.2,22884176
"138","Guerschon Yabusele",4,0.8,1.8,0.426,0.4,1.1,0.363636364,0.4,0.7,0.583,0.525,0.5,0.7,0.682,0.5,1.1,1.6,0.5,0.1,0.2,0.4,0.7,2.4,"PF",22,33,235,12.3,0.559,0.607,0.361,8,16.1,12.1,10,0.9,1.8,14.5,15.7,0.3,0.3,0.6,0.122,-1,0.2,-0.7,0.1,2247480
"139","Harrison Barnes",77,7,15.7,0.445,1.5,4.3,0.348837209,5.4,11.4,0.478,0.494,3.4,4.1,0.827,1,5.1,6.1,2,0.6,0.2,1.5,1.2,18.9,"PF",25,77,2634,15.8,0.539,0.276,0.259,3.1,17.1,9.9,9.9,0.9,0.5,8.1,25.2,2,1.9,3.8,0.07,-0.7,-1.4,-2.1,-0.1,23112004
"140","Hassan Whiteside",54,5.8,10.7,0.54,0,0,0,5.7,10.7,0.538,0.542,2.4,3.4,0.703,3.2,8.2,11.4,1,0.7,1.7,1.7,2.4,14,"C",28,54,1364,24.1,0.573,0.003,0.315,14.3,36.6,25.4,6.9,1.4,5.9,12.3,24.7,2.3,3,5.3,0.187,-2.1,2.3,0.2,0.8,23775506
"141","Henry Ellenson",0,1.4,3.8,0.363,0.5,1.6,0.3125,0.9,2.3,0.384,0.432,0.7,0.8,0.862,0.3,1.9,2.1,0.5,0.1,0,0.5,0.6,4,"PF",21,38,329,10.5,0.476,0.411,0.199,3.3,24.3,13.6,9.4,0.8,0,10.2,23.8,-0.2,0.4,0.1,0.02,-4.3,-2.6,-6.8,-0.4,1780800
"142","Ian Clark",2,3,6.7,0.448,0.8,2.6,0.307692308,2.2,4.1,0.533,0.511,0.6,0.8,0.763,0.1,1.6,1.7,1.5,0.4,0.1,0.8,1.6,7.4,"SG",26,74,1455,9.4,0.529,0.394,0.119,0.8,8.4,4.7,10.4,1.1,0.5,9.9,17.2,0.3,0.8,1.1,0.037,-2,-2,-3.9,-0.7,1577230
"143","Ian Mahinmi",0,1.8,3.2,0.556,0,0,0,1.8,3.2,0.561,0.556,1.2,1.7,0.703,1.8,2.3,4.1,0.7,0.5,0.5,1.3,3,4.8,"C",31,77,1145,12.2,0.601,0.008,0.516,13.4,17.4,15.4,6.6,1.6,3.2,24.7,15.6,0.8,1.4,2.2,0.093,-2.3,1.6,-0.7,0.4,16661641
"144","Iman Shumpert",6,1.6,4.1,0.379,0.5,1.9,0.263157895,1.1,2.3,0.469,0.44,0.8,1.1,0.733,0.5,2.4,2.9,1.2,0.6,0.3,1.1,1.6,4.4,"SG",27,14,276,6.4,0.48,0.448,0.259,2.9,13.6,8.3,8.1,1.6,1.2,19.9,12.9,-0.2,0.2,0,-0.006,-3.9,-0.1,-4,-0.1,10337079
"145","Isaiah Canaan",1,2.6,6.9,0.38,1.1,3.3,0.333333333,1.5,3.6,0.423,0.46,2.3,2.6,0.902,0.3,2,2.3,3.8,0.8,0.1,1.5,1.8,8.6,"PG",26,20,422,13.5,0.539,0.482,0.372,1.5,10,5.7,26.7,1.8,0.2,15.4,18.9,0.5,0.1,0.6,0.072,0.1,-2.5,-2.4,0,1322773
"146","Isaiah Taylor",9,2.4,5.8,0.418,0.3,1.2,0.25,2.1,4.6,0.461,0.444,1.5,2.1,0.702,0.3,1.1,1.4,3.1,0.5,0.1,1.3,1.7,6.6,"PG",23,67,1167,10.9,0.492,0.205,0.362,2.1,6.9,4.5,27,1.4,0.7,15.7,20.1,0.2,0.5,0.6,0.027,-2.9,-2.5,-5.4,-1,1312611
"147","Isaiah Thomas",15,4.9,13.2,0.373,1.7,5.9,0.288135593,3.2,7.3,0.438,0.438,3.7,4.1,0.893,0.5,1.6,2.1,4.8,0.5,0.1,3,1.8,15.2,"PG",28,32,862,12.6,0.508,0.447,0.311,2.2,6.3,4.2,27.1,0.8,0.3,16.6,28.8,-0.1,0.3,0.2,0.009,-0.9,-4.3,-5.2,-0.7,6261395
"148","Isaiah Whitehead",0,2.5,5.4,0.465,0.4,1.1,0.363636364,2.1,4.3,0.485,0.506,0.8,1.2,0.684,0.3,1.4,1.6,1.3,0.5,0.1,1.5,1.4,6.3,"PG",22,16,180,11.5,0.53,0.209,0.221,2.3,13.1,7.7,19.6,2.2,0.8,20.3,28.5,-0.3,0.2,-0.1,-0.035,-4.3,-1.3,-5.6,-0.2,1312611
"149","Ish Smith",35,4.7,9.8,0.486,0.4,1.2,0.333333333,4.3,8.5,0.506,0.507,1,1.4,0.698,0.3,2.4,2.7,4.4,0.8,0.2,1.3,1.7,10.9,"PG",29,82,2043,15.4,0.525,0.126,0.145,1.4,10.9,6.1,28.4,1.6,0.9,11.2,20.8,2.4,2,4.4,0.102,-0.6,-0.6,-1.2,0.4,6e+06
"150","Ivan Rabb",5,2.4,4.2,0.566,0,0,0,2.4,4.2,0.566,0.566,0.8,1,0.806,1.5,2.9,4.4,0.9,0.3,0.4,1,1.5,5.6,"PF",20,36,516,16.6,0.599,0,0.237,11.6,24.1,17.7,10.4,1.2,2.4,17.3,17.7,0.7,0.5,1.2,0.109,-1.7,0.3,-1.5,0.1,950000
"151","Ivica Zubac",0,1.4,2.8,0.5,0,0,0,1.4,2.8,0.504,0.5,0.9,1.2,0.765,1,1.8,2.9,0.6,0.2,0.3,0.6,1.1,3.7,"C",20,43,410,15.3,0.557,0.008,0.418,11.8,20.1,16,8.8,0.9,3,15.3,17.6,0.5,0.5,1,0.118,-2.7,0.5,-2.2,0,1312611
"152","J.J. Barea",10,4.4,10,0.439,1.7,4.5,0.377777778,2.7,5.5,0.499,0.522,1.2,1.5,0.784,0.2,2.7,2.9,6.3,0.5,0,2.1,1.2,11.6,"PG",33,69,1603,17.8,0.545,0.454,0.148,1,13.4,7,45.1,1.1,0.2,16.3,24.9,2.3,1,3.3,0.098,2.4,-2.3,0.1,0.8,3903900
"153","J.J. Redick",70,5.8,12.6,0.46,2.8,6.6,0.424242424,3,6,0.504,0.569,2.8,3.1,0.904,0.1,2.4,2.5,3,0.5,0.1,1.5,1.8,17.1,"SG",33,70,2116,15.9,0.614,0.523,0.248,0.5,8.3,4.5,15.1,0.8,0.2,9.6,21.7,4.8,1.8,6.6,0.15,2.6,-2.6,0,1.1,2.3e+07
"154","J.R. Smith",61,3,7.4,0.403,1.8,4.8,0.375,1.2,2.7,0.453,0.524,0.5,0.7,0.696,0.4,2.6,2.9,1.8,0.9,0.1,1,2,8.3,"SG",32,80,2244,8.5,0.534,0.64,0.094,1.5,10.1,5.9,8.6,1.5,0.4,11.6,13.8,0.6,0.9,1.4,0.031,-0.6,-1,-1.7,0.2,13760000
"155","Jabari Parker",3,5.2,10.7,0.482,1,2.6,0.384615385,4.2,8.1,0.514,0.529,1.3,1.7,0.741,1.4,3.5,4.9,1.9,0.8,0.3,1.5,1.6,12.6,"PF",22,31,743,17.1,0.55,0.244,0.163,6.6,17.1,11.9,13.1,1.7,1.2,11.2,24.4,0.6,0.6,1.2,0.08,-0.2,-1.6,-1.8,0,6782392
"156","Jae Crowder",47,3.4,8.4,0.404,1.4,4.3,0.325581395,2,4.1,0.488,0.486,1.5,1.9,0.818,0.7,2.7,3.4,1.2,0.8,0.3,0.9,2.3,9.7,"SF",27,80,2090,10.4,0.525,0.508,0.221,3.2,11.5,7.4,6.9,1.5,0.9,9.1,17.3,1,1.6,2.6,0.06,-0.8,-0.9,-1.7,0.1,6796117
"157","Jahlil Okafor",0,2.8,4.9,0.558,0,0.1,0,2.7,4.8,0.567,0.562,0.8,1,0.724,0.8,2.3,3,0.4,0.1,0.6,0.8,1.8,6.3,"C",22,28,353,15.3,0.584,0.029,0.21,6.3,19.4,12.8,5.9,0.4,3.9,12.2,21,0.3,0.3,0.6,0.083,-3.7,-0.8,-4.5,-0.2,4995120
"158","Jake Layman",1,0.4,1.3,0.298,0.1,0.6,0.166666667,0.3,0.8,0.37,0.34,0.1,0.1,0.667,0.1,0.3,0.5,0.3,0.2,0.1,0.1,0.4,1,"SF",23,35,160,4.9,0.352,0.426,0.064,2.8,8.1,5.5,9.4,1.9,2,9.4,14.6,-0.3,0.2,-0.1,-0.021,-5.3,0.4,-5,-0.1,1312611
"159","Jakob Poeltl",0,3.1,4.7,0.659,0,0,0,3.1,4.7,0.66,0.66,0.7,1.2,0.594,2,2.8,4.8,0.7,0.5,1.2,1,2.6,6.9,"C",22,82,1524,17.5,0.662,0.005,0.263,12.4,16.4,14.4,5.4,1.3,5.2,16.6,14.8,3.1,2.4,5.6,0.176,0.4,2.9,3.3,2,2825640
"160","Jamal Crawford",0,3.9,9.3,0.415,1.3,3.9,0.333333333,2.6,5.4,0.477,0.485,1.3,1.4,0.903,0.3,1,1.2,2.3,0.5,0.1,1.2,1.1,10.3,"SG",37,80,1653,13,0.519,0.423,0.152,1.4,5.5,3.5,16.9,1.2,0.5,10.7,23.7,0.9,0.3,1.3,0.037,0,-4,-3.9,-0.8,15270762
"161","Jamal Murray",80,5.9,13.1,0.451,2,5.4,0.37037037,3.9,7.7,0.502,0.529,2.8,3.1,0.905,1,2.7,3.7,3.4,1,0.3,2.1,2.1,16.7,"PG",20,81,2565,16.1,0.576,0.411,0.238,3.6,9.4,6.5,16.4,1.5,0.9,12.8,22.8,4.3,1.2,5.5,0.103,1.8,-2,-0.2,1.2,3355320
"162","Jameer Nelson",0,1.9,4.9,0.389,0.8,2.5,0.32,1.1,2.4,0.45,0.473,0.3,0.4,0.8,0.3,1.8,2.1,3.6,0.5,0.1,1.3,1.6,4.9,"PG",35,50,1013,8.1,0.489,0.508,0.082,1.4,9.5,5.6,22.8,1.3,0.3,21,13.7,-0.1,0.7,0.6,0.028,-2.6,-1.5,-4,-0.5,6998921
"163","James Ennis",22,2.5,5.3,0.474,0.7,2.1,0.333333333,1.8,3.2,0.567,0.54,1.3,1.6,0.836,1,2.1,3.1,1,0.7,0.3,0.8,1.9,7.1,"SF",27,72,1604,11.6,0.588,0.398,0.302,5.1,11,8,6.6,1.5,1,11.4,13.7,2,1.1,3.1,0.092,-0.6,-0.5,-1.1,0.4,3028410
"164","James Harden",72,9,20.1,0.449,3.7,10,0.37,5.4,10.1,0.531,0.541,8.7,10.1,0.858,0.6,4.8,5.4,8.8,1.8,0.7,4.4,2.3,30.4,"SG",28,72,2551,29.8,0.619,0.498,0.502,1.8,15.2,8.6,45.1,2.4,1.7,15.1,36.1,11.6,3.8,15.4,0.289,9.6,1.3,10.9,8.3,28299399
"165","James Johnson",41,4.2,8.4,0.503,0.8,2.5,0.32,3.5,5.9,0.587,0.55,1.5,2.2,0.698,0.8,4.1,4.9,3.8,1,0.7,1.9,2.6,10.8,"PF",30,73,1943,15.8,0.575,0.301,0.264,3.5,17.2,10.3,22.5,1.8,2.2,17.2,19.1,2.2,2.8,4.9,0.122,-0.1,1.7,1.7,1.8,13954000
"166","Jamil Wilson",10,2.5,5.4,0.469,1.8,4.2,0.428571429,0.7,1.2,0.611,0.636,0.1,0.3,0.5,0.2,1.9,2.1,0.7,0.3,0.5,0.5,2.3,7,"SF",27,15,274,11.4,0.634,0.778,0.049,1.2,11.5,6.4,5.2,0.9,2.4,8.8,14.3,0.4,0.2,0.5,0.096,1.1,-1.1,0,0.1,50000
"167","JaMychal Green",54,4.1,8.9,0.457,0.8,2.3,0.347826087,3.3,6.6,0.499,0.501,1.5,2,0.721,2.7,5.8,8.4,1.4,0.6,0.5,1.4,2.8,10.3,"PF",27,55,1542,14,0.53,0.26,0.227,10.8,24.4,17.4,8.3,1,1.5,12.4,17.8,1.3,1.3,2.6,0.079,-1.2,-0.4,-1.5,0.2,8533333
"168","Jared Dudley",0,1,2.5,0.393,0.6,1.7,0.352941176,0.4,0.9,0.452,0.512,0.6,0.7,0.771,0.2,1.8,2,1.6,0.5,0.2,0.6,1.8,3.2,"PF",32,48,686,8.8,0.553,0.656,0.287,1.2,13.6,7.3,15.6,1.7,1.3,16.9,10.2,0.5,0.4,0.8,0.058,-1.9,0,-1.9,0,1e+07
"169","Jarell Martin",36,3,6.8,0.446,0.5,1.3,0.384615385,2.6,5.5,0.47,0.48,1.2,1.6,0.767,1.3,3,4.4,1,0.5,0.7,1.2,2.9,7.7,"PF",23,73,1661,10.5,0.516,0.198,0.234,6.6,15.8,11.1,7,1.2,2.8,13.6,17.1,0.1,1.2,1.3,0.038,-3,0,-3,-0.4,1471382
"170","Jarrett Allen",31,3.3,5.5,0.589,0.1,0.2,0.5,3.2,5.3,0.599,0.596,1.6,2,0.776,2,3.4,5.4,0.7,0.4,1.2,1.1,2,8.2,"C",19,72,1441,17.5,0.636,0.038,0.37,10.5,18.2,14.3,5.4,0.9,4.6,15.1,16.3,2.7,1.5,4.2,0.141,-1.3,1.4,0.2,0.8,1713720
"171","Jarrett Jack",56,3,7.1,0.427,0.4,1.4,0.285714286,2.6,5.8,0.459,0.455,1,1.2,0.84,0.4,2.7,3.1,5.6,0.6,0.1,1.9,1.6,7.5,"PG",34,62,1548,11.5,0.489,0.194,0.169,1.6,12.1,6.8,31.3,1.1,0.2,19.5,16.7,0.5,0.7,1.2,0.036,-1.9,-1.7,-3.5,-0.6,2328652
"172","Jason Smith",2,1.4,3.5,0.391,0.1,1,0.1,1.2,2.5,0.494,0.409,0.6,0.6,0.905,0.5,1.1,1.6,0.4,0.1,0.4,0.5,1.3,3.4,"C",31,33,285,8.8,0.455,0.278,0.183,7.2,13.9,10.5,7.4,0.5,4,11.4,21.7,-0.2,0.3,0,0.003,-4.8,-1.1,-6,-0.3,5225000
"173","Jason Terry",4,1.2,3,0.383,0.8,2.3,0.347826087,0.4,0.8,0.487,0.513,0.2,0.2,0.889,0.1,0.8,0.9,1.2,0.8,0.3,0.5,1,3.3,"SG",40,51,814,8.1,0.525,0.747,0.058,0.7,6.2,3.5,9.7,2.6,1.4,13.7,10.1,0.1,0.6,0.7,0.042,-1.6,-0.5,-2.1,0,2328652
"174","JaVale McGee",17,2.1,3.4,0.621,0,0.1,0,2.1,3.3,0.638,0.621,0.6,0.8,0.731,0.9,1.7,2.6,0.5,0.3,0.9,0.4,1.4,4.8,"C",30,65,615,22.3,0.641,0.027,0.237,11.5,18.7,15.4,8,1.6,7.3,10,19.2,1.7,1.1,2.7,0.212,0.4,2.1,2.6,0.7,2116955
"175","Jawun Evans",4,1.9,5.3,0.352,0.3,1.1,0.272727273,1.5,4.1,0.372,0.381,0.8,1,0.776,0.2,1.6,1.8,2.1,0.8,0.1,0.9,2,4.8,"PG",21,48,778,7.2,0.421,0.213,0.194,1.3,10.4,5.9,17.8,2.3,0.6,13.8,17.7,-0.8,0.6,-0.2,-0.011,-4.2,-0.5,-4.7,-0.5,815615
"176","Jaylen Brown",70,5.3,11.5,0.465,1.7,4.4,0.386363636,3.6,7.1,0.507,0.54,2.1,3.3,0.644,0.9,4,4.9,1.6,1,0.4,1.8,2.6,14.5,"SG",21,70,2152,13.6,0.562,0.381,0.29,3.4,14,8.8,8.5,1.6,1,12,21.4,1.2,3.2,4.5,0.1,-0.6,0.4,-0.2,1,4956480
"177","Jayson Tatum",80,5,10.4,0.475,1.3,3,0.433333333,3.7,7.4,0.492,0.538,2.7,3.2,0.826,0.6,4.4,5,1.6,1,0.7,1.4,2.1,13.9,"SF",19,80,2438,15.3,0.586,0.29,0.309,2.3,15.6,9,8.3,1.7,2,10.7,19.5,3,4,7.1,0.139,-0.5,1.5,1,1.8,5645400
"178","Jeff Green",13,3.8,7.9,0.477,0.7,2.2,0.318181818,3.1,5.7,0.54,0.52,2.6,3,0.868,0.8,2.4,3.2,1.3,0.5,0.4,1,1.9,10.8,"PF",31,78,1828,14.8,0.587,0.275,0.379,3.7,11.2,7.6,8,1.1,1.6,9.4,19.3,3.1,0.8,3.9,0.103,-0.2,-1.7,-1.9,0.1,2116955
"179","Jeff Teague",70,5.1,11.3,0.446,1.2,3.3,0.363636364,3.9,8.1,0.477,0.499,2.9,3.4,0.845,0.3,2.6,3,7,1.5,0.3,2.5,2.4,14.2,"PG",29,70,2311,16.4,0.553,0.287,0.301,1.2,9.3,5.2,30.6,2.2,0.8,16.4,20.6,3.4,1.4,4.9,0.101,1.5,-1.3,0.2,1.3,1.9e+07
"180","Jerami Grant",1,3,5.6,0.535,0.4,1.4,0.285714286,2.6,4.3,0.613,0.57,2,3,0.675,1.1,2.9,3.9,0.7,0.4,1,0.7,1.9,8.4,"PF",23,81,1647,16.2,0.607,0.241,0.526,5.6,16.3,10.7,5.1,0.9,4.2,8.8,16,3.5,1.9,5.4,0.156,-0.8,0.2,-0.6,0.6,1524305
"181","Jeremy Lamb",18,4.8,10.4,0.457,1.2,3.2,0.375,3.6,7.2,0.495,0.513,2.2,2.6,0.861,0.6,3.4,4.1,2.3,0.8,0.4,1.2,1.7,12.9,"SG",25,80,1967,17,0.559,0.305,0.25,2.7,15.4,8.9,15.4,1.5,1.4,9.1,22.4,3,1.9,4.9,0.12,1.2,-0.2,0.9,1.5,7e+06
"182","Jerian Grant",26,2.8,6.8,0.415,0.8,2.5,0.32,2,4.3,0.468,0.475,1.9,2.5,0.745,0.4,1.9,2.3,4.6,0.9,0.1,1.2,1.8,8.4,"PG",25,74,1686,14.3,0.528,0.373,0.373,1.9,9.3,5.5,30.1,1.8,0.4,13.2,17.4,2.3,1,3.3,0.094,-0.1,-1.8,-2,0,1713840
"183","Jerryd Bayless",11,2.8,6.7,0.416,1.4,3.7,0.378378378,1.4,3,0.474,0.519,0.9,1.1,0.795,0.4,1.7,2.1,1.4,0.6,0.2,1.2,2.3,7.9,"SG",29,39,925,7.5,0.546,0.557,0.168,1.8,7.3,4.7,8,1.2,0.5,14.1,15.1,0.2,0.9,1.1,0.055,-1.8,-1,-2.7,-0.2,9e+06
"184","Jimmy Butler",59,7.4,15.6,0.474,1.2,3.4,0.352941176,6.2,12.2,0.509,0.512,6.2,7.2,0.854,1.3,4,5.3,4.9,2,0.4,1.8,1.3,22.2,"SG",28,59,2164,23.7,0.59,0.217,0.461,4.2,12.7,8.4,20.6,2.7,1,8.9,24.9,7.1,1.8,8.9,0.198,4.9,0.1,5,3.8,19301070
"185","Jodie Meeks",0,2,5.1,0.399,0.9,2.7,0.333333333,1.1,2.4,0.464,0.491,1.3,1.5,0.863,0.2,1.4,1.6,0.9,0.4,0.1,0.5,0.7,6.3,"SG",30,77,1119,12.4,0.548,0.534,0.298,1.5,11.2,6.4,9.1,1.3,0.3,7.7,19,1.3,0.8,2,0.087,-0.4,-2.5,-2.8,-0.2,3290000
"186","Joe Harris",14,3.9,8,0.491,1.9,4.6,0.413043478,2,3.4,0.589,0.612,1.1,1.3,0.827,0.7,2.7,3.3,1.6,0.4,0.3,1.2,2,10.8,"SG",26,78,1975,13.3,0.634,0.576,0.167,2.7,11.3,7,10.2,0.9,0.8,12,16.6,3,0.9,4,0.097,1.3,-1.2,0.1,1.1,1524305
"187","Joe Ingles",81,4.1,8.8,0.467,2.5,5.7,0.438596491,1.6,3.1,0.516,0.609,0.8,1,0.795,0.3,3.9,4.2,4.8,1.1,0.2,1.9,2.2,11.5,"SF",30,82,2578,14.4,0.623,0.646,0.116,1.1,13.9,7.6,22.9,1.8,0.7,17.4,15.9,4,3.6,7.6,0.141,2.1,1,3.1,3.3,14136364
"188","Joe Johnson",4,2.7,6.5,0.406,0.7,2.6,0.269230769,1.9,3.9,0.493,0.461,0.7,0.8,0.889,0.3,2.9,3.1,1.5,0.3,0.1,0.9,1.2,6.8,"SF",36,55,1205,8.1,0.49,0.403,0.125,1.3,14.7,8.1,10.2,0.7,0.5,11.4,15.9,-0.3,1.3,1,0.04,-3.4,-0.4,-3.8,-0.5,10254905
"189","Joe Young",1,1.5,3.5,0.43,0.5,1.2,0.416666667,1,2.3,0.458,0.497,0.4,0.5,0.759,0.2,1,1.2,0.7,0.3,0,0.5,0.7,3.9,"PG",25,53,558,10.1,0.521,0.355,0.156,2.4,10.3,6.4,9.9,1.3,0.2,11.6,18,0.1,0.4,0.5,0.043,-2.4,-2.3,-4.7,-0.4,1471382
"190","Joel Embiid",63,8.1,16.8,0.483,1,3.4,0.294117647,7,13.4,0.527,0.514,5.7,7.4,0.769,2.3,8.7,11,3.2,0.6,1.8,3.7,3.3,22.9,"C",23,63,1912,22.9,0.573,0.203,0.442,8.4,29.7,19.4,18,1,4.8,15.6,33.4,2.3,3.8,6.2,0.155,0.1,2.5,2.6,2.2,6100266
"191","Joffrey Lauvergne",1,1.8,3.5,0.516,0,0.1,0,1.8,3.4,0.53,0.516,0.5,0.9,0.638,1.1,2,3.1,0.7,0.2,0.1,0.6,0.8,4.1,"C",26,55,534,16.5,0.536,0.026,0.247,13,22.6,17.8,12.2,0.9,0.5,13.5,20.4,0.6,0.7,1.3,0.12,-1.4,-0.1,-1.6,0.1,1524305
"192","John Collins",26,4.2,7.4,0.576,0.2,0.6,0.333333333,4,6.7,0.598,0.591,1.8,2.5,0.715,2.4,4.9,7.3,1.3,0.6,1.1,1.4,2.9,10.5,"PF",20,74,1785,18.3,0.62,0.086,0.341,11,22.8,16.9,8.9,1.3,3.8,14.3,17.9,3.4,2,5.4,0.145,-0.2,1.9,1.7,1.7,1936920
"193","John Henson",69,3.8,6.6,0.572,0,0.1,0,3.8,6.5,0.578,0.573,1.2,2.1,0.57,2,4.8,6.8,1.5,0.6,1.4,1.1,2.7,8.8,"C",27,76,1970,15.7,0.582,0.014,0.315,9,21.5,15.3,8.6,1.1,4.7,12.8,15,2.8,2.2,4.9,0.12,-1.4,1.8,0.4,1.2,11422536
"194","John Wall",41,6.8,16.3,0.42,1.5,4.1,0.365853659,5.3,12.2,0.436,0.466,4.3,5.9,0.726,0.5,3.1,3.7,9.6,1.4,1.1,3.9,2,19.4,"PG",27,41,1410,19.1,0.515,0.25,0.361,1.8,10.2,6,44.5,2,2.8,17,29.1,1.2,1.5,2.7,0.092,1.6,0,1.5,1.2,18063850
"195","Johnny O'Bryant",0,1.9,4.8,0.398,0.4,1.2,0.333333333,1.5,3.6,0.422,0.439,0.6,0.7,0.84,0.8,1.8,2.6,0.4,0.3,0.2,0.4,1.3,4.8,"PF",24,36,379,11.9,0.47,0.251,0.146,8.1,18.6,13.3,5.9,1.2,1.3,7.6,22.5,-0.1,0.4,0.3,0.038,-3.2,-2,-5.3,-0.3,1524305
"196","Jonas Jerebko",19,2.1,4.6,0.466,0.9,2.1,0.428571429,1.3,2.5,0.511,0.562,0.6,0.8,0.807,0.7,2.6,3.3,0.6,0.3,0.2,0.4,1.7,5.8,"PF",30,74,1134,13.2,0.586,0.46,0.167,5.4,19.1,12.3,5.7,1.1,0.9,6.9,15.6,1.8,1.6,3.4,0.144,-0.3,-0.3,-0.6,0.4,4e+06
"197","Jonas Valanciunas",77,5.1,8.9,0.568,0.4,1,0.4,4.7,8,0.587,0.59,2.2,2.7,0.806,2.4,6.2,8.6,1.1,0.4,0.9,1.5,2.5,12.7,"C",25,77,1727,22.5,0.628,0.108,0.307,12.1,30.3,21.4,7.5,0.8,3.2,12.9,22.7,4.6,3,7.6,0.21,0.7,0.8,1.5,1.5,15460675
"198","Jonathan Isaac",10,2,5.4,0.379,0.6,1.7,0.352941176,1.4,3.7,0.394,0.434,0.7,0.9,0.76,0.6,3.1,3.7,0.7,1.2,1.1,1,1.8,5.4,"PF",20,27,536,9.8,0.465,0.317,0.172,3.3,17.2,10.2,4.8,3,4.5,14.8,15,-0.6,0.8,0.2,0.021,-4.9,3.1,-1.8,0,4186320
"199","Jonathon Simmons",50,5.1,11,0.465,1,3,0.333333333,4.1,8.1,0.512,0.511,2.7,3.5,0.768,0.9,2.6,3.5,2.5,0.8,0.2,2.1,2.5,13.9,"SG",28,69,2029,12.7,0.555,0.268,0.317,3.3,9.7,6.5,13.3,1.4,0.6,14.4,22,0.8,1.1,1.9,0.045,-1,-1.3,-2.3,-0.2,6300000
"200","Jordan Bell",13,2,3.2,0.627,0,0.1,0,2,3.2,0.641,0.627,0.5,0.8,0.682,1.1,2.6,3.6,1.8,0.6,1,0.9,1.6,4.6,"C",23,57,809,18,0.641,0.022,0.238,8.9,19,14.3,16.9,2.1,5.5,20,13.9,1.6,1.4,2.9,0.174,0,3.7,3.7,1.2,815615
"201","Jordan Clarkson",2,5.3,11.8,0.451,1.4,3.9,0.358974359,3.9,7.9,0.5,0.509,1.9,2.3,0.8,0.7,2,2.7,2.7,0.7,0.1,1.6,1.3,13.9,"SG",25,81,1888,16.4,0.542,0.333,0.199,3.3,9.1,6.2,19.3,1.5,0.3,10.9,26.5,1.9,1.2,3,0.077,0.8,-2.7,-1.9,0.1,11562500
"202","Jordan Mickey",3,1.7,3.6,0.476,0.1,0.7,0.142857143,1.6,2.9,0.561,0.488,0.6,0.8,0.684,0.8,2.8,3.6,0.4,0.3,0.4,0.8,1.6,4,"PF",23,23,284,10.6,0.515,0.195,0.232,7.1,25.3,16.2,4.8,1.1,3,16.6,17.1,-0.1,0.4,0.3,0.054,-5.5,0.4,-5.1,-0.2,1471382
"203","Jose Calderon",32,1.6,3.2,0.503,0.8,1.7,0.470588235,0.8,1.5,0.545,0.624,0.4,0.5,0.8,0.2,1.2,1.5,2.1,0.5,0,0.7,1.4,4.5,"PG",36,57,914,11.3,0.643,0.524,0.162,1.7,8.5,5.2,17.4,1.4,0.2,17.1,11.6,1.5,0.3,1.8,0.095,0.1,-2,-1.9,0,2328652
"204","Josh Hart",23,2.8,6,0.469,1.2,3.1,0.387096774,1.6,2.8,0.551,0.573,1,1.5,0.702,0.7,3.5,4.2,1.3,0.7,0.3,0.7,1.7,7.9,"SG",22,63,1461,12.2,0.596,0.525,0.251,3.1,16,9.6,7.6,1.5,0.9,10.1,13.5,1.9,1.5,3.4,0.111,-0.3,0.2,-0.1,0.7,1394520
"205","Josh Huestis",10,0.9,2.6,0.33,0.5,1.7,0.294117647,0.4,1,0.403,0.42,0.1,0.3,0.3,0.6,1.7,2.3,0.3,0.2,0.6,0.4,1.2,2.3,"PF",26,69,982,5.4,0.417,0.632,0.11,4.6,13.9,9.1,2.7,0.8,4,12,9.5,-0.5,1,0.5,0.024,-4.6,0.7,-3.9,-0.5,1471382
"206","Josh Jackson",35,5.1,12.1,0.417,0.7,2.8,0.25,4.3,9.3,0.464,0.448,2.3,3.6,0.634,1.2,3.3,4.6,1.5,1,0.5,1.9,2.8,13.1,"SF",20,77,1959,11.8,0.48,0.233,0.299,5.1,14.2,9.6,10.1,2,1.4,12.2,26,-2,1.2,-0.7,-0.018,-3.1,-1.2,-4.3,-1.1,5090040
"207","Josh Richardson",81,4.9,10.9,0.451,1.6,4.1,0.390243902,3.4,6.8,0.495,0.523,1.5,1.8,0.845,0.9,2.7,3.5,2.9,1.5,0.9,1.7,2.5,12.9,"SF",24,81,2689,13.6,0.551,0.38,0.16,2.9,9,6,13.2,2.3,2.4,12.9,18.2,1.8,3.5,5.4,0.096,-0.1,1.5,1.4,2.3,1471382
"208","Jrue Holiday",81,7.6,15.4,0.494,1.5,4.4,0.340909091,6.1,11,0.557,0.543,2.3,2.9,0.786,0.8,3.7,4.5,6,1.5,0.8,2.6,2.5,19,"SG",27,81,2927,17.8,0.57,0.286,0.191,2.4,10.8,6.8,24.9,2,1.7,13.6,23.1,4.2,2.9,7.1,0.116,1.8,0.3,2.1,3,25686667
"209","Juan Hernangomez",3,1.2,3,0.387,0.6,2,0.3,0.6,1,0.6,0.48,0.4,0.5,0.833,0.7,1.4,2.2,0.5,0.2,0.1,0.4,1,3.3,"PF",22,25,277,9.7,0.511,0.667,0.16,7.4,14.6,11,5.9,1.1,0.9,10.1,14,0.2,0.1,0.4,0.061,-1,-2.2,-3.3,-0.1,2076840
"210","Julius Randle",49,6.1,11,0.558,0.1,0.5,0.2,6,10.5,0.575,0.563,3.7,5.2,0.718,2.2,5.8,8,2.6,0.5,0.5,2.6,3.3,16.1,"C",23,82,2190,19.9,0.606,0.05,0.47,8.9,22.8,15.9,15.8,0.9,1.7,16.3,25.3,4,2.6,6.6,0.145,0.4,0.6,0.9,1.6,4149242
"212","Justin Anderson",0,2.3,5.3,0.431,0.9,2.7,0.333333333,1.4,2.6,0.535,0.515,0.7,1,0.737,0.7,1.8,2.4,0.7,0.4,0.2,0.4,1.4,6.2,"SF",24,38,519,13,0.54,0.51,0.188,5.4,13.6,9.6,7.1,1.4,1.1,6.8,19.3,0.6,0.7,1.2,0.115,-0.5,-1.5,-2,0,1579440
"213","Justin Holiday",72,4,10.9,0.371,2.2,6.2,0.35483871,1.8,4.6,0.387,0.474,1.9,2.3,0.823,0.4,3.6,4,2.1,1.1,0.4,1.3,1.9,12.2,"SG",28,72,2265,10.8,0.513,0.574,0.21,1.4,12.8,6.9,10.1,1.7,1.2,9.8,18.2,0.1,1.6,1.7,0.036,-1,-0.3,-1.3,0.4,4615385
"214","Justin Jackson",41,2.7,6.2,0.442,0.8,2.7,0.296296296,1.9,3.4,0.547,0.51,0.4,0.5,0.722,0.4,2.4,2.8,1.1,0.4,0.2,0.6,1.2,6.7,"SF",22,68,1506,9.2,0.521,0.442,0.086,2,12.6,7.1,7.2,0.9,0.8,8.4,14.2,0.4,0.5,1,0.031,-2,-1.5,-3.5,-0.6,2365560
"215","Justise Winslow",25,3,7.2,0.424,0.7,1.9,0.368421053,2.3,5.3,0.44,0.474,1,1.5,0.635,0.9,4.5,5.4,2.2,0.8,0.5,1.1,2.1,7.8,"PF",21,68,1680,11.5,0.496,0.264,0.213,4.3,20.4,12.3,13,1.6,1.7,12.6,16.3,0.2,2.4,2.6,0.075,-2.7,1.7,-1,0.4,2705040
"216","Jusuf Nurkic",79,6.1,12,0.505,0,0.1,0,6.1,11.9,0.508,0.505,2.2,3.5,0.63,2.4,6.6,9,1.8,0.8,1.4,2.3,3.1,14.3,"C",23,79,2088,19.2,0.528,0.007,0.287,10,26.9,18.5,11.7,1.5,4.3,14.6,26.4,0.8,3.9,4.7,0.108,-2.6,2.8,0.3,1.2,2947305
"217","Karl-Anthony Towns",82,7.8,14.3,0.545,1.5,3.5,0.428571429,6.3,10.8,0.585,0.596,4.2,4.9,0.858,2.9,9.4,12.3,2.4,0.8,1.4,1.9,3.5,21.3,"C",22,82,2918,24.9,0.646,0.243,0.343,9.3,30.9,20,10.8,1.1,3.5,10.5,22.9,10.6,3.4,14,0.23,4.4,1.1,5.5,5.5,6216840
"218","Kawhi Leonard",9,5.8,12.3,0.468,1.2,3.9,0.307692308,4.6,8.4,0.539,0.518,3.4,4.2,0.816,0.7,4,4.7,2.3,2,1,1.8,1,16.2,"SF",26,9,210,26,0.572,0.315,0.342,3.1,19.1,11.1,17.7,4.3,3.6,11.1,30.6,0.3,0.5,0.9,0.196,2.7,3.2,5.9,0.4,18868625
"219","Kelly Olynyk",22,4.2,8.4,0.497,1.4,3.7,0.378378378,2.8,4.7,0.59,0.58,1.8,2.3,0.77,1.2,4.5,5.7,2.7,0.8,0.5,1.9,2.9,11.5,"PF",26,76,1779,17.8,0.612,0.44,0.274,5.6,21.6,13.6,18.7,1.7,1.7,17.1,21.7,2.8,2.7,5.5,0.148,1.6,1.3,2.9,2.2,10607169
"220","Kelly Oubre",11,3.9,9.8,0.403,1.6,4.6,0.347826087,2.4,5.2,0.456,0.482,2.4,2.9,0.82,0.7,3.8,4.5,1.2,1,0.4,1.1,2.9,11.8,"SF",22,81,2231,11.9,0.534,0.467,0.295,3,15.4,9.2,6.4,1.8,1.4,9.2,19.4,1.4,2.3,3.7,0.08,-0.8,-0.4,-1.2,0.4,2093040
"221","Kemba Walker",80,7.4,17,0.431,2.9,7.5,0.386666667,4.5,9.5,0.469,0.516,4.5,5.3,0.864,0.4,2.7,3.1,5.6,1.1,0.3,2.2,1.2,22.1,"PG",27,80,2736,20.6,0.572,0.441,0.308,1.2,8.7,4.9,27.4,1.6,0.7,10.4,27.4,6.5,2,8.5,0.15,5.1,-1.9,3.2,3.6,1.2e+07
"222","Kenneth Faried",7,2.4,4.6,0.514,0,0,0,2.4,4.6,0.517,0.514,1.1,1.6,0.706,2.1,2.7,4.8,0.6,0.4,0.4,0.7,1.6,5.9,"PF",28,32,461,17.4,0.552,0.007,0.345,16.7,20.7,18.7,5.8,1.3,2.4,11.9,18.3,0.9,0.4,1.3,0.132,-1.1,-1.1,-2.3,0,12921348
"223","Kent Bazemore",65,4.4,10.4,0.42,1.7,4.2,0.404761905,2.7,6.2,0.438,0.5,2.5,3.1,0.796,0.4,3.4,3.8,3.5,1.5,0.7,2.4,2.3,12.9,"SG",28,65,1789,14.5,0.547,0.405,0.297,1.6,13.9,7.7,20.1,2.7,2.2,17,22.5,0.2,2,2.2,0.059,-0.6,1.1,0.4,1.1,16910113
"224","Kentavious Caldwell-Pope",74,4.6,10.8,0.426,2.1,5.6,0.375,2.4,5.2,0.473,0.526,2.1,2.6,0.789,0.8,4.4,5.2,2.2,1.4,0.2,1.3,2,13.4,"SG",24,74,2458,13.2,0.561,0.52,0.243,2.6,14.1,8.4,9.4,2.1,0.5,9.9,16.9,2.6,2.7,5.3,0.103,0.6,0.4,1,1.9,17745894
"225","Kevin Durant",68,9.3,18,0.516,2.5,6.1,0.409836066,6.7,11.9,0.565,0.586,5.3,5.9,0.889,0.5,6.4,6.8,5.4,0.7,1.8,3,2,26.4,"PF",29,68,2325,26,0.64,0.338,0.331,1.6,19.5,11.2,25.5,1,4,12.9,30.4,7.5,2.9,10.4,0.215,5,0.7,5.6,4.5,2.5e+07
"226","Kevin Love",59,5.7,12.4,0.458,2.3,5.6,0.410714286,3.3,6.8,0.494,0.552,4,4.5,0.88,1.7,7.5,9.3,1.7,0.7,0.4,1.5,2,17.6,"C",29,59,1651,22.4,0.614,0.453,0.365,7,29.8,18.6,9.8,1.3,1.2,9.6,25.1,4.7,1.6,6.4,0.185,2.7,-1.5,1.3,1.4,22642350
"227","Kevon Looney",4,1.7,2.9,0.58,0,0.1,0,1.7,2.8,0.59,0.583,0.6,1.2,0.545,1.3,2,3.3,0.6,0.5,0.8,0.5,1.6,4,"C",21,66,910,14.8,0.588,0.026,0.399,11,15.2,13.2,6,1.8,4.9,12,12.5,1.5,1.3,2.8,0.145,-0.9,2.1,1.2,0.7,1471382
"228","Khem Birch",0,1.6,3,0.54,0,0,0,1.6,3,0.54,0.54,1,1.5,0.689,1.7,2.6,4.3,0.8,0.4,0.5,0.5,1.3,4.2,"C",25,42,578,16.4,0.582,0,0.484,13.2,21.1,17.1,8.5,1.3,2.9,12.1,13.2,1.2,0.6,1.8,0.15,-1.1,1.4,0.3,0.3,815615
"229","Khris Middleton",82,7.2,15.5,0.466,1.8,5,0.36,5.5,10.5,0.517,0.524,3.9,4.4,0.884,0.5,4.7,5.2,4,1.5,0.3,2.3,3.3,20.1,"SF",26,82,2982,17.4,0.577,0.32,0.285,1.8,15,8.4,17.7,2,0.6,11.8,24.6,4.6,2.3,6.9,0.111,1.6,-1.2,0.4,1.8,14100000
"230","Klay Thompson",73,7.9,16.1,0.488,3.1,7.1,0.436619718,4.7,9,0.526,0.585,1.1,1.3,0.837,0.4,3.4,3.8,2.5,0.8,0.5,1.8,1.6,20,"SG",27,73,2506,16.1,0.598,0.441,0.083,1.5,10.3,6.2,11.2,1.1,1.1,9.5,23.7,3.2,1.8,4.9,0.094,1.8,-2.4,-0.6,0.9,17826150
"231","Kosta Koufos",13,3.1,5.5,0.571,0,0,0,3.1,5.5,0.571,0.571,0.5,1,0.446,2.1,4.5,6.6,1.2,0.7,0.5,0.7,2.1,6.7,"C",28,71,1391,17.5,0.566,0,0.19,11.7,27.6,19.3,9.7,1.7,2.2,10.4,15.2,2.3,1.5,3.9,0.134,-0.8,1.4,0.5,0.9,8393000
"232","Kris Dunn",43,5.5,12.8,0.429,0.8,2.6,0.307692308,4.7,10.2,0.457,0.462,1.6,2.2,0.73,0.5,3.8,4.3,6,2,0.5,2.9,3.4,13.4,"PG",23,52,1525,14.5,0.488,0.201,0.173,1.6,14.4,7.8,33.3,3.3,1.6,17.3,24.7,-1,1.9,0.8,0.027,-1.4,1.4,-0.1,0.7,4046760
"233","Kristaps Porzingis",48,8.1,18.5,0.439,1.9,4.8,0.395833333,6.3,13.8,0.454,0.489,4.5,5.7,0.793,1.3,5.3,6.6,1.2,0.8,2.4,1.9,2.9,22.7,"PF",22,48,1553,20.4,0.539,0.256,0.309,4.4,18.1,11.3,6.2,1.1,6.4,8.4,31,1.4,1.8,3.2,0.099,-0.5,-0.2,-0.7,0.5,4503600
"234","Kyle Anderson",67,3.1,5.9,0.527,0.3,0.8,0.375,2.9,5.1,0.556,0.549,1.4,2,0.712,1.1,4.2,5.4,2.7,1.6,0.8,1.3,1.5,7.9,"SF",24,74,1978,15.9,0.582,0.13,0.333,4.7,17.6,11.1,14.7,2.9,2.5,15.8,13.5,2.4,3.8,6.2,0.151,-0.3,4.3,4.1,3,2151704
"235","Kyle Collinsworth",2,1.2,3.1,0.384,0.1,0.5,0.2,1.1,2.6,0.415,0.404,0.7,1.3,0.525,1,2.3,3.3,1.8,0.5,0.3,0.8,1.4,3.2,"SF",26,32,480,10,0.433,0.172,0.404,7.2,18,12.4,16.4,1.8,1.7,17.1,13.3,-0.1,0.5,0.5,0.046,-4,2.2,-1.8,0,142160
"236","Kyle Korver",4,3,6.6,0.459,2.2,5.2,0.423076923,0.8,1.5,0.537,0.628,0.9,1,0.889,0.1,2.1,2.3,1.2,0.4,0.4,0.8,1.8,9.2,"SG",36,73,1574,13.4,0.652,0.777,0.149,0.7,10.9,5.9,8,1,1.5,9.6,16,2.8,0.6,3.4,0.104,2.2,-2,0.1,0.9,7e+06
"237","Kyle Kuzma",37,6.1,13.5,0.45,2.1,5.6,0.375,4,7.9,0.511,0.527,1.9,2.7,0.707,1.1,5.1,6.3,1.8,0.6,0.4,1.8,2.1,16.1,"PF",22,77,2401,14.2,0.549,0.418,0.2,3.9,17.4,10.7,9.1,1,1.1,11,22.5,1.5,2.3,3.8,0.077,-0.3,-1,-1.3,0.4,1423560
"238","Kyle Lowry",78,5.2,12.1,0.427,3.1,7.6,0.407894737,2.1,4.5,0.474,0.553,2.9,3.3,0.854,0.8,4.7,5.6,6.9,1.1,0.2,2.3,2.5,16.2,"PG",31,78,2510,19.5,0.598,0.631,0.276,3,16.1,9.7,30.9,1.7,0.6,14.7,21.7,7,3.1,10.2,0.194,5.4,0.5,5.9,5,28703704
"239","Kyle O'Quinn",10,2.9,5,0.582,0.1,0.2,0.5,2.9,4.8,0.598,0.587,1.3,1.6,0.772,1.6,4.5,6.1,2.1,0.5,1.3,1.3,2.5,7.1,"C",27,77,1387,20,0.624,0.044,0.33,9.7,27.8,18.8,16.8,1.3,6.1,18.5,17,2.7,2.1,4.8,0.166,0.2,4.3,4.5,2.3,4087500
"240","Kyrie Irving",60,8.9,18.1,0.491,2.8,6.8,0.411764706,6.1,11.3,0.541,0.568,3.9,4.4,0.889,0.6,3.2,3.8,5.1,1.1,0.3,2.3,2,24.4,"PG",25,60,1931,25,0.61,0.374,0.24,1.9,10.8,6.4,30.7,1.7,0.7,10.4,31,6.3,2.7,8.9,0.222,6.9,-0.7,6.2,4,18868625
"241","LaMarcus Aldridge",75,9.2,18,0.51,0.4,1.2,0.333333333,8.8,16.7,0.526,0.52,4.5,5.3,0.837,3.3,5.2,8.5,2,0.6,1.2,1.5,2.2,23.1,"C",32,75,2509,25,0.57,0.068,0.296,10.8,17.3,14,11.3,0.9,3,6.8,29.1,7.4,3.5,10.9,0.209,3,0.3,3.3,3.3,21461010
"242","Lance Stephenson",7,3.7,8.6,0.427,0.8,2.8,0.285714286,2.9,5.8,0.495,0.475,1,1.5,0.661,0.8,4.4,5.2,2.9,0.6,0.2,1.6,2.2,9.2,"SG",27,82,1850,12.4,0.495,0.327,0.179,3.8,22,12.9,18.6,1.2,0.8,14.7,21.6,-0.3,2,1.8,0.045,-2,-0.1,-2.1,0,4180000
"243","Lance Thomas",31,1.4,3.7,0.382,0.7,1.7,0.411764706,0.7,2,0.364,0.476,0.6,0.7,0.83,0.6,1.8,2.4,0.6,0.4,0.2,0.5,1.8,4.1,"PF",29,73,1353,6.3,0.513,0.464,0.199,3.6,10.7,7.2,4.2,1.1,0.9,12.1,10.7,0.3,0.6,0.9,0.031,-2.1,-0.5,-2.6,-0.2,6655325
"244","Langston Galloway",2,2.2,5.9,0.371,1.3,3.8,0.342105263,0.9,2.1,0.418,0.481,0.6,0.7,0.805,0.2,1.4,1.6,1,0.6,0.1,0.3,0.7,6.2,"SG",26,58,863,12.2,0.503,0.641,0.121,1.6,10.3,5.9,10.1,2,0.5,4.8,19.3,0.5,0.9,1.4,0.08,-0.2,-1.6,-1.7,0.1,6666667
"245","Larry Nance",27,3.6,6.3,0.581,0,0.2,0,3.6,6.1,0.594,0.584,1.4,2.1,0.664,2.4,4.4,6.8,1.2,1.3,0.6,0.8,2.6,8.7,"C",25,66,1421,20.2,0.605,0.029,0.332,12.4,22,17.3,8.6,3,2.2,9.7,15.9,3.6,2.3,5.8,0.196,0.9,2.4,3.3,1.9,1471382
"246","Lauri Markkanen",68,5.5,12.7,0.434,2.1,5.9,0.355932203,3.4,6.8,0.497,0.518,2.1,2.4,0.843,1.2,6.3,7.5,1.2,0.6,0.6,1.2,1.5,15.2,"PF",20,68,2020,15.6,0.552,0.465,0.193,4,23.7,13.5,6.4,0.9,1.8,8.2,21.9,1.7,1.6,3.3,0.079,-0.6,-1.3,-1.9,0.1,3821640
"247","LeBron James",82,10.5,19.3,0.542,1.8,5,0.36,8.6,14.3,0.603,0.59,4.7,6.5,0.731,1.2,7.5,8.6,9.1,1.4,0.9,4.2,1.6,27.5,"PF",33,82,3026,28.6,0.621,0.257,0.336,3.7,22.3,13.1,44.4,1.9,2,16.1,31.6,11,3,14,0.221,7.6,2,9.6,8.9,33285709
"248","Lonzo Ball",50,3.9,10.8,0.36,1.7,5.7,0.298245614,2.2,5.2,0.42,0.44,0.6,1.4,0.451,1.3,5.6,6.9,7.2,1.7,0.8,2.6,2.3,10.2,"PG",20,52,1780,12.5,0.444,0.523,0.126,4.2,17.3,10.8,29.2,2.4,2,18.6,17.4,-0.5,2.5,2,0.053,-0.8,2.5,1.7,1.7,6286560
"249","Lou Williams",19,7.4,16.9,0.435,2.4,6.6,0.363636364,5,10.4,0.484,0.505,5.5,6.2,0.88,0.5,2,2.5,5.3,1.1,0.2,3,1.3,22.6,"SG",31,79,2589,20.2,0.574,0.387,0.367,1.7,6.6,4.2,26.3,1.6,0.6,13.1,29.8,5.5,1.2,6.7,0.125,3.8,-2.9,1,2,7e+06
"250","Luc Mbah a Moute",15,2.7,5.7,0.481,1,2.8,0.357142857,1.7,2.8,0.599,0.572,1.1,1.6,0.684,0.4,2.7,3,0.9,1.2,0.4,1.1,1.6,7.5,"PF",31,61,1564,10.2,0.595,0.501,0.275,1.6,11.7,6.7,5,2.3,1.4,15.1,12.9,0.7,2.1,2.8,0.086,-1.5,1.5,0,0.8,2116955
"251","Lucas Nogueira",3,1,1.6,0.613,0.1,0.4,0.25,0.9,1.2,0.721,0.644,0.4,0.6,0.679,0.4,1.4,1.8,0.4,0.5,0.9,0.3,1,2.5,"C",25,49,418,17.3,0.661,0.238,0.35,4.9,18.1,11.7,7.2,2.7,8.2,14.8,11.4,0.7,1,1.6,0.188,-0.7,6.2,5.4,0.8,2947305
"252","Luke Babbitt",14,1.8,4.3,0.423,1.2,3.1,0.387096774,0.6,1.2,0.525,0.563,0.3,0.4,0.773,0.1,1.8,1.9,0.6,0.2,0.1,0.4,1.1,5.2,"SF",28,50,715,9.8,0.576,0.726,0.102,1.1,13.9,7.5,6.5,0.5,0.8,7.8,15,0.5,0.4,0.9,0.06,-1,-2.2,-3.2,-0.2,1974159
"253","Luke Kennard",9,2.8,6.4,0.443,1.1,2.7,0.407407407,1.7,3.7,0.463,0.53,0.9,1,0.855,0.3,2.1,2.4,1.7,0.6,0.2,0.9,1.2,7.6,"SG",21,73,1463,12.1,0.56,0.419,0.163,1.6,11.9,6.6,12.7,1.5,0.8,12.2,17.2,1.1,1.4,2.6,0.085,-1.1,-0.4,-1.5,0.2,2759280
"254","Malachi Richardson",4,1.2,3.5,0.333,0.5,1.5,0.333333333,0.7,1.9,0.36,0.4,0.7,0.8,0.773,0.2,1.1,1.3,0.5,0.4,0,0.4,1,3.4,"SG",22,26,324,5.9,0.446,0.444,0.244,1.7,10.6,6,5.6,1.6,0.3,9.1,15.2,-0.2,0.1,-0.1,-0.015,-4.3,-2.1,-6.4,-0.4,1504560
"255","Malcolm Brogdon",20,5.1,10.5,0.485,1.3,3.4,0.382352941,3.8,7.1,0.532,0.547,1.6,1.8,0.882,0.5,2.8,3.3,3.2,0.9,0.3,1.4,2.7,13,"PG",25,48,1436,14.3,0.578,0.32,0.169,1.9,10.8,6.4,16.3,1.4,0.8,10.9,19.1,2,0.7,2.7,0.091,0.6,-1.9,-1.3,0.2,1312611
"256","Malcolm Delaney",3,2,5.3,0.382,0.9,2.3,0.391304348,1.2,3,0.391,0.463,1.4,1.7,0.804,0.2,1.7,1.9,3,0.6,0.1,1.2,1.5,6.3,"PG",28,54,1014,10.6,0.519,0.435,0.323,1,10,5.5,23.4,1.7,0.5,16.9,16.9,0.4,0.6,1,0.047,-2,-1.5,-3.6,-0.4,2500000
"257","Malik Beasley",0,1.2,2.9,0.41,0.5,1.3,0.384615385,0.7,1.5,0.469,0.489,0.4,0.5,0.667,0.2,0.9,1.1,0.5,0.2,0.1,0.4,0.6,3.2,"SG",21,62,583,9,0.509,0.461,0.185,2.7,11,6.9,7.4,1.3,1,11.1,16.2,0.1,0.3,0.3,0.028,-2.8,-2.4,-5.1,-0.5,1700640
"258","Malik Monk",0,2.4,6.7,0.36,1.3,3.9,0.333333333,1.1,2.9,0.385,0.458,0.5,0.6,0.842,0.1,0.9,1,1.4,0.3,0.1,0.8,0.9,6.7,"SG",19,63,854,10.3,0.477,0.572,0.089,1,7.5,4.2,16.9,1.1,0.9,9.8,24.9,-0.5,0.5,0,0.001,-1,-3.4,-4.4,-0.5,2904480
"259","Manu Ginobili",0,3.1,7.1,0.434,1,3,0.333333333,2.1,4.2,0.506,0.503,1.7,2,0.84,0.3,1.9,2.2,2.5,0.7,0.2,1.6,1.9,8.9,"SG",40,65,1299,12.9,0.553,0.415,0.283,1.6,10.6,6.1,19.1,1.7,1,16.8,21.5,0.6,1.6,2.2,0.082,-0.5,-0.5,-1,0.3,2500000
"260","Marc Gasol",73,5.9,14.2,0.42,1.5,4.4,0.340909091,4.5,9.8,0.456,0.473,3.8,4.6,0.834,1.1,7,8.1,4.2,0.7,1.4,2.7,2.5,17.2,"C",33,73,2408,17.4,0.532,0.31,0.326,3.7,25.3,14.2,21.7,1.1,3.9,14.1,25.6,1.5,2.6,4,0.08,-0.1,1.6,1.5,2.1,22642350
"261","Marcin Gortat",82,3.5,6.8,0.518,0,0,0,3.5,6.8,0.518,0.518,1.3,2,0.675,2.2,5.4,7.6,1.8,0.5,0.7,1.2,2.1,8.4,"C",33,82,2075,14.7,0.546,0,0.291,9.9,24,17,10.6,1,2.6,13.5,15.5,2.4,2.4,4.9,0.113,-1.6,1.9,0.3,1.2,12782609
"262","Marco Belinelli",2,4.2,9.5,0.442,1.9,4.9,0.387755102,2.4,4.6,0.511,0.539,1.9,2,0.908,0.2,1.6,1.9,1.9,0.8,0.2,1.2,1.1,12.1,"SG",31,80,1947,14.1,0.582,0.518,0.214,1.1,7.3,4.2,11.9,1.6,0.5,10.1,20.7,2.4,1.3,3.7,0.092,0.8,-2.1,-1.3,0.3,7082277
"263","Marcus Georges-Hunt",0,0.5,1.1,0.438,0.1,0.4,0.25,0.4,0.8,0.515,0.479,0.3,0.5,0.619,0.2,0.2,0.4,0.2,0.1,0,0.1,0.8,1.4,"SG",23,42,224,6.9,0.515,0.313,0.438,3.6,4.7,4.1,4.1,1.3,0,5,11.9,0.2,0,0.2,0.049,-1.7,-2.7,-4.4,-0.1,1312611
"264","Marcus Morris",21,4.9,11.3,0.429,1.6,4.3,0.372093023,3.3,7,0.467,0.499,2.3,2.9,0.805,0.8,4.6,5.4,1.3,0.6,0.2,1.2,1.9,13.6,"PF",28,54,1447,14.5,0.541,0.383,0.252,3.3,18.4,10.9,8.1,1.2,0.7,8.7,23,1.1,2.2,3.2,0.108,-1,-0.6,-1.7,0.1,5e+06
"265","Marcus Smart",11,3.5,9.5,0.367,1.4,4.6,0.304347826,2.1,4.9,0.429,0.44,1.8,2.5,0.729,0.8,2.7,3.5,4.8,1.3,0.4,2.4,2.5,10.2,"SG",23,54,1614,10.8,0.479,0.483,0.258,3,9.8,6.4,23.7,2.2,1.2,18.4,19.4,-0.6,2.5,1.9,0.056,-1.6,1.1,-0.5,0.6,4538020
"266","Mario Chalmers",10,2.5,6.7,0.379,0.8,2.9,0.275862069,1.7,3.8,0.456,0.439,1.8,2.1,0.855,0.2,2.2,2.4,3,1.2,0.2,1.8,2.7,7.7,"PG",31,66,1421,10.4,0.503,0.431,0.312,1,12,6.4,21.5,2.8,0.9,18.8,19.6,-0.6,1.3,0.6,0.021,-2.2,-0.5,-2.7,-0.3,2106407
"267","Mario Hezonja",30,3.6,8.2,0.442,1.2,3.6,0.333333333,2.4,4.7,0.523,0.515,1.1,1.4,0.819,0.5,3.2,3.7,1.4,1.1,0.4,1.1,1.8,9.6,"SF",22,75,1657,13.7,0.544,0.433,0.17,2.7,16.1,9.3,10,2.4,1.5,11.5,19.9,0.5,1.8,2.3,0.066,-1,0.2,-0.8,0.5,4078320
"268","Markelle Fultz",0,3.2,7.9,0.405,0,0.1,0,3.2,7.9,0.409,0.405,0.7,1.5,0.476,0.8,2.3,3.1,3.8,0.9,0.3,1.2,1.6,7.1,"SG",19,14,253,12.4,0.416,0.009,0.189,4.9,13.1,9.2,31.3,2.3,1.3,12.4,23.1,-0.2,0.4,0.2,0.043,-3.8,0.8,-3,-0.1,7026240
"269","Markieff Morris",73,4.5,9.4,0.48,1,2.8,0.357142857,3.5,6.6,0.529,0.536,1.4,1.8,0.82,1,4.6,5.6,1.9,0.8,0.5,1.7,3,11.5,"PF",28,73,1968,13.2,0.566,0.301,0.186,4.3,19.2,11.8,11,1.4,1.7,14.6,19.5,1.2,2.1,3.3,0.08,-1,0.5,-0.5,0.7,8e+06
"270","Marquese Chriss",49,2.8,6.6,0.423,0.8,2.6,0.307692308,2,4,0.509,0.482,1.3,2.2,0.608,1.1,4.4,5.5,1.2,0.7,1,1.5,2.8,7.7,"PF",20,72,1527,11.1,0.509,0.398,0.331,5.2,22.7,13.8,8.1,1.6,3.7,16.4,18.1,-0.8,1.5,0.7,0.023,-3.3,1.3,-2,0,3073800
"271","Marreese Speights",3,2.7,6.7,0.395,1.7,4.5,0.377777778,1,2.2,0.448,0.519,0.8,1.1,0.727,0.4,2.2,2.6,0.8,0.2,0.4,0.8,2.1,7.7,"C",30,52,675,13.7,0.539,0.668,0.158,3.4,18.4,10.8,9.8,0.6,2.6,9.7,26.9,0.1,0.5,0.6,0.045,0.2,-2.9,-2.8,-0.1,2116955
"272","Marvin Williams",78,3.3,7.2,0.458,1.6,3.9,0.41025641,1.7,3.3,0.512,0.57,1.3,1.6,0.829,0.9,3.8,4.7,1.2,0.7,0.5,0.8,1.5,9.5,"PF",31,78,2006,13.9,0.603,0.542,0.218,3.9,16.2,10,7,1.4,1.6,9.7,14.8,3.1,1.9,5,0.119,1.1,0.5,1.7,1.9,13168750
"273","Mason Plumlee",26,3,5,0.601,0,0,0,3,5,0.602,0.601,1.1,2.4,0.456,1.8,3.6,5.4,1.9,0.7,1.1,1.4,2.5,7.1,"C",27,74,1439,16.9,0.586,0.003,0.489,10.4,20.9,15.6,14.4,1.7,4.7,18.7,16.6,1.8,1.8,3.6,0.12,-0.9,2.7,1.8,1.4,14041096
"274","Matthew Dellavedova",3,1.4,4,0.362,0.8,2.1,0.380952381,0.7,1.9,0.351,0.457,0.7,0.7,0.926,0.4,1.3,1.7,3.8,0.4,0,1.3,1.8,4.3,"PG",27,38,712,8.6,0.5,0.513,0.178,2.3,8.2,5.3,27.4,1,0,23,13.5,0.3,0.2,0.5,0.032,-2.3,-3.6,-5.9,-0.7,9607500
"275","Maurice Harkless",36,2.5,5,0.495,0.8,2,0.4,1.7,3,0.547,0.577,0.7,1,0.712,0.8,2,2.7,0.9,0.8,0.7,0.7,1.7,6.5,"SF",24,59,1264,12.6,0.596,0.397,0.199,4,9.9,7,6,1.9,2.8,11,12.6,1.6,1.7,3.2,0.123,-0.2,2,1.8,1.2,10162922
"276","Maxi Kleber",36,2.1,4.3,0.489,0.6,1.8,0.333333333,1.5,2.5,0.613,0.553,0.6,0.8,0.746,1,2.3,3.3,0.7,0.4,0.7,0.4,1.6,5.4,"PF",26,72,1206,13.4,0.576,0.414,0.191,6.3,15.6,10.8,6.4,1.1,3.5,8.2,13.7,1.6,1.2,2.8,0.113,-1,1.2,0.2,0.7,815615
"277","Meyers Leonard",2,1.4,2.4,0.59,0.3,0.8,0.375,1.1,1.6,0.673,0.66,0.3,0.3,0.818,0.4,1.8,2.1,0.5,0.2,0,0.3,1.1,3.4,"C",25,33,254,17.8,0.676,0.333,0.141,5.2,24.7,15,10.6,1.4,0,10.8,16.1,0.7,0.3,1.1,0.2,1.2,-0.2,0.9,0.2,9904495
"278","Michael Beasley",30,5.5,10.9,0.507,0.5,1.2,0.416666667,5.1,9.7,0.52,0.528,1.7,2.1,0.78,1.3,4.3,5.6,1.7,0.5,0.6,1.9,2,13.2,"PF",29,74,1653,17.8,0.556,0.107,0.197,6.5,21.2,13.9,12.5,1.1,2.3,14,26.9,0.9,1.5,2.4,0.069,-1,-0.4,-1.5,0.2,2116955
"279","Michael Carter-Williams",2,1.5,4.4,0.332,0.3,1.1,0.272727273,1.2,3.3,0.365,0.362,1.4,1.7,0.82,0.7,1.9,2.7,2.2,0.8,0.4,1,1.9,4.6,"PG",26,52,835,10.8,0.446,0.258,0.389,4.7,13.3,8.9,19.4,2.6,2.3,16.2,16.6,-0.2,1.1,0.9,0.05,-2.6,2,-0.6,0.3,2700000
"280","Michael Kidd-Gilchrist",74,3.8,7.6,0.504,0,0,0,3.8,7.5,0.505,0.504,1.6,2.3,0.684,1.1,2.9,4.1,1,0.7,0.4,0.7,1.9,9.2,"SF",24,74,1850,12.5,0.536,0.004,0.305,4.8,13,8.8,5.9,1.3,1.4,7.8,16.2,1.6,1.6,3.2,0.084,-2,0.3,-1.8,0.1,1.3e+07
"281","Mike Conley",12,5.3,14,0.381,2,6.4,0.3125,3.3,7.6,0.44,0.452,4.4,5.5,0.803,0,2.3,2.3,4.1,1,0.3,1.5,2,17.1,"PG",30,12,373,15.4,0.52,0.458,0.393,0,8.6,4.2,22.2,1.6,0.8,8.4,25.9,0.4,0.2,0.6,0.077,1.2,-3.5,-2.3,0,28530608
"282","Mike James",10,3.4,8.9,0.383,0.7,2.7,0.259259259,2.7,6.2,0.435,0.424,1.8,2.3,0.762,0.4,2.1,2.5,3.5,0.8,0.2,1.4,1.3,9.3,"PG",27,36,687,13.9,0.469,0.305,0.262,2,12.2,7,29.4,2,0.8,12,25.1,-0.1,0.3,0.2,0.017,-0.9,-1.8,-2.6,-0.1,87552
"283","Mike Muscala",7,2.7,5.9,0.458,1.2,3.2,0.375,1.5,2.7,0.559,0.558,1.1,1.2,0.919,1.1,3.3,4.3,1,0.6,0.5,0.8,1.5,7.6,"C",26,53,1060,14.4,0.597,0.535,0.199,5.9,18.3,12.1,7.3,1.4,2.2,11,15.7,1.5,0.9,2.4,0.11,0,0.2,0.2,0.6,5e+06
"284","Mike Scott",1,3.6,6.9,0.527,0.9,2.1,0.428571429,2.8,4.8,0.582,0.59,0.7,1,0.658,0.7,2.6,3.3,1.1,0.3,0.1,1,1.9,8.8,"PF",29,76,1406,13.7,0.599,0.311,0.145,4,15.8,9.9,9.1,0.8,0.6,12.4,20,1.4,1,2.5,0.085,-0.5,-1.8,-2.3,-0.1,1709538
"285","Miles Plumlee",35,1.9,3.3,0.583,0,0,0,1.9,3.3,0.583,0.583,0.5,1.1,0.45,1.4,2.7,4.1,0.8,0.3,0.5,1.1,1.4,4.3,"C",29,55,918,10.6,0.574,0,0.333,9.4,18.3,13.9,7.2,0.9,2.8,23.4,12.8,0.1,0.7,0.9,0.046,-3.8,1.3,-2.5,-0.1,12500000
"286","Milos Teodosic",36,3.4,8,0.419,2,5.2,0.384615385,1.4,2.8,0.492,0.542,0.9,1,0.848,0.4,2.4,2.8,4.6,0.5,0.1,2.2,2.3,9.5,"PG",30,45,1134,11.6,0.564,0.644,0.128,1.6,10.5,6.1,26.2,1,0.4,20.3,18.2,0.9,0.5,1.4,0.058,0.8,-2.2,-1.4,0.2,6e+06
"288","Montrezl Harrell",3,4.6,7.2,0.635,0,0.1,0,4.6,7.1,0.641,0.636,1.8,2.9,0.626,1.4,2.7,4,1,0.5,0.7,0.9,1.9,11,"C",24,76,1293,24.7,0.647,0.013,0.405,8.9,17,13,10.1,1.4,3.4,9.5,23.8,4.3,1.3,5.5,0.205,2.4,0,2.4,1.5,1471382
"289","Myles Turner",62,4.7,9.8,0.479,0.9,2.4,0.375,3.8,7.4,0.519,0.523,2.5,3.2,0.777,1.4,5,6.4,1.3,0.6,1.8,1.5,2.9,12.7,"C",21,65,1836,16.6,0.567,0.246,0.322,5.8,19.8,12.8,7,1,5.7,11.6,20,2.2,2.5,4.7,0.122,-1.1,1.8,0.7,1.3,2569920
"290","Nemanja Bjelica",21,2.6,5.5,0.461,1.1,2.7,0.407407407,1.4,2.8,0.505,0.563,0.5,0.7,0.8,0.8,3.3,4.1,1.3,0.7,0.2,0.8,2.1,6.8,"PF",29,67,1371,12.6,0.581,0.493,0.121,4.4,18.8,11.5,8.7,1.8,1,11.7,14.3,1.7,1.1,2.8,0.097,0.6,-0.1,0.5,0.9,3949999
"291","Nene Hilario",4,2.6,4.6,0.569,0,0,0,2.6,4.6,0.574,0.569,1.3,2.1,0.636,1,2.3,3.4,0.9,0.5,0.3,0.7,2.4,6.5,"C",35,52,758,16.4,0.594,0.008,0.448,8.1,18,13.1,9.5,1.8,1.6,11.7,18.9,1.5,1.1,2.6,0.163,-1.5,0.7,-0.8,0.2,3477600
"292","Nerlens Noel",6,1.8,3.5,0.524,0,0,0,1.8,3.5,0.529,0.524,0.7,0.9,0.75,1.6,4,5.6,0.7,1,0.7,0.9,2,4.4,"C",23,30,472,16.2,0.558,0.01,0.267,10.9,29.3,19.8,6.3,3.3,4.1,18.1,13.8,0.4,1,1.3,0.135,-3.5,4.5,1,0.4,4187599
"293","Nick Young",8,2.5,6.1,0.412,1.5,4.1,0.365853659,1,2,0.481,0.538,0.7,0.8,0.862,0.3,1.3,1.6,0.5,0.5,0.1,0.5,1.3,7.3,"SG",32,80,1393,10,0.562,0.668,0.133,1.7,7.9,5,3.5,1.3,0.4,7.2,17.6,0.8,0.9,1.7,0.058,-0.2,-3.4,-3.7,-0.6,5192000
"294","Nicolas Batum",64,4.2,10.2,0.415,1.4,4.3,0.325581395,2.8,5.9,0.473,0.486,1.7,2,0.831,0.9,3.9,4.8,5.5,1,0.4,2,1.1,11.6,"SG",29,64,1981,14.4,0.523,0.422,0.2,3.1,13.8,8.4,26.2,1.6,1,15.6,18.3,1.7,1.8,3.5,0.084,0.9,0.5,1.4,1.7,22434783
"295","Nik Stauskas",0,1.5,3.8,0.39,1,2.4,0.416666667,0.5,1.3,0.37,0.519,0.5,0.7,0.724,0.1,1.5,1.6,1,0.2,0.1,0.6,0.6,4.4,"SG",24,41,523,9,0.543,0.649,0.188,0.8,12.3,6.5,11.1,0.8,0.6,13.5,15.9,0.1,0.3,0.3,0.031,-2.1,-1.8,-4,-0.3,3807146
"296","Nikola Jokic",73,6.7,13.5,0.499,1.5,3.7,0.405405405,5.2,9.7,0.538,0.554,3.5,4.2,0.85,2.6,8.1,10.7,6.1,1.2,0.8,2.8,2.8,18.5,"C",22,75,2443,24.4,0.603,0.277,0.31,9,27.9,18.5,29.6,1.8,2.1,15.5,24.2,7.8,2.9,10.7,0.211,4.8,2.3,7.1,5.6,1471382
"297","Nikola Mirotic",14,5.6,12.4,0.447,2.5,6.5,0.384615385,3.1,5.9,0.525,0.546,2,2.5,0.818,1.1,6.3,7.4,1.5,0.8,0.7,1.1,2,15.6,"PF",26,55,1494,18.7,0.577,0.523,0.2,4.3,24.9,14.6,8.6,1.4,2.2,7.7,23.4,2.2,1.8,4,0.128,1.4,-0.7,0.6,1,12500000
"298","Nikola Vucevic",57,7,14.7,0.475,1.1,3.6,0.305555556,5.9,11.2,0.527,0.513,1.4,1.6,0.819,1.8,7.4,9.2,3.4,1,1.1,1.9,2.5,16.5,"C",27,57,1683,19.7,0.533,0.243,0.112,6.6,27.8,17.1,19.9,1.6,3,11,25.9,1.3,2.3,3.6,0.102,0.6,2.1,2.7,2,12250000
"299","Noah Vonleh",16,1.9,4.3,0.444,0.4,1.2,0.333333333,1.6,3.1,0.5,0.487,0.7,1.1,0.621,1.3,4.5,5.8,0.6,0.4,0.3,0.6,1.3,4.9,"PF",22,54,875,12.8,0.509,0.282,0.248,8.5,30.2,19.2,5.7,1.1,1.6,10.7,14.5,0.5,1.2,1.6,0.09,-3.4,0.3,-3.1,-0.2,3505233
"300","Norman Powell",18,2.1,5.3,0.401,0.8,2.7,0.296296296,1.4,2.7,0.516,0.472,0.5,0.6,0.821,0.2,1.5,1.7,1.3,0.5,0.2,0.9,1.6,5.5,"SG",24,70,1062,8.5,0.492,0.497,0.104,1.5,10.9,6.3,11.8,1.7,1.2,14.4,18.9,-0.6,1.2,0.6,0.027,-2.5,-0.4,-2.8,-0.2,1471382
"301","OG Anunoby",62,2.2,4.7,0.471,1,2.7,0.37037037,1.2,2,0.604,0.577,0.5,0.8,0.629,0.6,1.9,2.5,0.7,0.7,0.2,0.6,1.8,5.9,"SF",20,74,1481,10,0.587,0.569,0.179,3.4,10.4,7,5,1.7,0.8,10.8,12.4,1.4,1.6,3,0.098,0.2,0.4,0.6,1,1645200
"302","Omer Asik",0,0.5,1.2,0.409,0,0,0,0.5,1.2,0.409,0.409,0.2,0.7,0.308,0.5,2.1,2.6,0.2,0.1,0.2,0.5,1.1,1.2,"C",31,18,182,3.1,0.397,0,0.591,5.5,22.2,14,2.1,0.5,1.9,24.5,8.7,-0.2,0.2,-0.1,-0.021,-8.1,0,-8.1,-0.3,10595505
"303","Omri Casspi",7,2.3,3.9,0.58,0.2,0.4,0.5,2.1,3.5,0.595,0.604,0.9,1.3,0.725,0.6,3.2,3.8,1,0.3,0.4,0.7,1.3,5.7,"SF",29,53,740,15.5,0.632,0.106,0.333,4.9,24,15.1,9.5,1.2,2,13.5,16.3,1.2,1,2.2,0.14,-1.5,0,-1.4,0.1,2106470
"304","Otto Porter",77,5.8,11.5,0.503,1.8,4.1,0.43902439,4,7.4,0.537,0.581,1.4,1.7,0.828,1.3,5.1,6.4,2,1.5,0.5,1,2,14.7,"SF",24,77,2432,18.3,0.602,0.354,0.145,4.8,18.1,11.4,10.1,2.4,1.5,7.4,18.4,5,3.1,8.1,0.161,2.4,1.2,3.6,3.4,24773250
"305","P.J. Tucker",34,2.1,5.4,0.39,1.4,3.8,0.368421053,0.7,1.6,0.435,0.52,0.5,0.7,0.717,1.1,4.4,5.6,0.9,1,0.3,0.9,2.5,6.1,"PF",32,82,2281,8.3,0.537,0.703,0.136,4.6,17.8,11.3,4.6,1.7,1,13.7,10.5,1,3,3.9,0.082,-1.5,1.5,0,1.2,7590035
"306","Pascal Siakam",5,3.1,6.1,0.508,0.4,1.6,0.25,2.8,4.5,0.612,0.537,0.7,1.1,0.621,1,3.5,4.5,2,0.8,0.5,0.8,2,7.3,"PF",23,81,1679,14.5,0.549,0.265,0.175,5.4,18.6,12.1,13.5,1.8,2,11.1,15.7,2.1,2.5,4.7,0.133,0,2.2,2.1,1.7,1312611
"307","Pat Connaughton",5,2,4.8,0.423,0.9,2.6,0.346153846,1.1,2.2,0.506,0.518,0.5,0.5,0.841,0.4,1.5,2,1.1,0.3,0.3,0.5,1.5,5.4,"SG",25,82,1488,9.3,0.539,0.538,0.113,2.7,9.1,5.9,8.7,0.8,1.2,9.5,13.4,1.2,1.3,2.5,0.08,-0.9,-0.4,-1.3,0.3,1471382
"308","Patrick Beverley",11,4.4,10.8,0.403,2.2,5.5,0.4,2.2,5.4,0.407,0.504,1.3,1.5,0.824,1.5,2.6,4.1,2.9,1.6,0.5,2.3,3.1,12.2,"SG",29,11,334,12.3,0.53,0.504,0.143,5.3,9.4,7.4,13.8,2.6,1.3,16.5,19.6,0.1,0.3,0.4,0.054,0.4,0.2,0.6,0.2,5513514
"309","Patrick McCaw",10,1.6,3.9,0.409,0.3,1.4,0.214285714,1.3,2.5,0.503,0.451,0.5,0.6,0.765,0.3,1.2,1.4,1.4,0.8,0.2,0.7,1.2,4,"SG",22,57,961,7.4,0.477,0.356,0.151,2,7.2,4.8,10.6,2.2,0.8,14.6,12.8,-0.3,0.8,0.6,0.029,-2.9,-0.5,-3.4,-0.3,1312611
"310","Patrick Patterson",3,1.3,3.2,0.398,0.8,2.1,0.380952381,0.5,1.2,0.421,0.523,0.5,0.6,0.87,0.4,2,2.4,0.7,0.6,0.3,0.4,1.1,3.9,"PF",28,82,1270,10,0.555,0.643,0.173,2.7,14.6,8.4,6.1,1.9,1.6,10.3,10.8,1.2,1.4,2.6,0.098,-1.6,0.3,-1.3,0.2,5192000
"311","Patty Mills",36,3.4,8.3,0.411,1.9,5,0.38,1.5,3.3,0.47,0.523,1.3,1.4,0.89,0.3,1.6,1.9,2.8,0.7,0.1,1.3,1.6,10,"PG",29,82,2107,11.8,0.558,0.607,0.173,1.4,6.8,4.1,16,1.3,0.4,12.6,17.8,2,2.1,4.1,0.093,0.9,-1.3,-0.4,0.9,10714286
"312","Pau Gasol",63,3.7,8.1,0.458,0.6,1.6,0.375,3.2,6.6,0.481,0.492,2.1,2.7,0.756,1.7,6.4,8,3.1,0.3,1,1.4,1.6,10.1,"C",37,77,1812,18.9,0.539,0.191,0.333,7.8,30.2,19,20.1,0.7,3.6,13.1,20.4,2.7,3.3,6,0.159,-0.1,3.3,3.2,2.4,1.6e+07
"313","Paul George",79,7.3,16.9,0.43,3.1,7.7,0.402597403,4.2,9.3,0.454,0.521,4.3,5.2,0.82,0.9,4.7,5.7,3.3,2,0.5,2.7,2.9,21.9,"SF",27,79,2891,18.7,0.57,0.454,0.308,2.7,14.9,8.6,14.5,2.8,1.2,12.2,25.7,5,3.9,8.9,0.148,2.5,0,2.6,3.3,19508958
"314","Paul Millsap",37,5.3,11.4,0.464,1,3,0.333333333,4.3,8.5,0.506,0.509,2.9,4.2,0.696,1.7,4.7,6.4,2.7,1,1.2,1.9,2.6,14.6,"PF",32,38,1143,17,0.549,0.26,0.37,6.4,17.6,12.1,13.6,1.7,3.2,12.6,22,1.4,1.1,2.5,0.106,0,0.7,0.7,0.8,31269231
"315","Paul Zipser",12,1.5,4.3,0.346,0.7,2,0.35,0.8,2.3,0.355,0.425,0.4,0.5,0.731,0.2,2.2,2.4,0.9,0.4,0.3,0.8,1.6,4,"SF",23,54,824,5.2,0.444,0.47,0.111,1.6,16,8.5,8,1.2,1.6,14.9,15.2,-1.2,0.6,-0.6,-0.034,-5.5,-0.3,-5.9,-0.8,1312611
"316","Quincy Acy",8,1.9,5.2,0.356,1.5,4.2,0.357142857,0.4,1,0.384,0.496,0.7,0.9,0.817,0.6,3.1,3.7,0.8,0.5,0.4,0.9,2.1,5.9,"PF",27,70,1359,8.2,0.525,0.8,0.164,3.1,17,10,6,1.2,1.6,13.3,14.4,-0.1,1.1,1,0.036,-2,-0.2,-2.2,-0.1,1709538
"317","Quincy Pondexter",1,0.6,2.1,0.286,0.1,1,0.1,0.5,1.2,0.407,0.316,0.6,0.7,0.824,0.3,0.8,1.2,0.4,0.3,0.1,0.5,1,2,"SF",29,23,196,4,0.398,0.449,0.347,4.2,10.8,7.4,6.3,2,0.9,16.3,15,-0.3,0.1,-0.2,-0.047,-6.1,-0.6,-6.7,-0.2,3853931
"318","Quinn Cook",18,3.7,7.6,0.484,1.4,3.2,0.4375,2.3,4.5,0.514,0.575,0.7,0.8,0.88,0.3,2.2,2.5,2.7,0.4,0,1,1.8,9.5,"PG",24,33,740,12.8,0.593,0.413,0.099,1.6,10.2,6.2,16.6,0.8,0.1,10.8,17.5,1.1,0.4,1.6,0.101,0.6,-2.8,-2.2,0,125000
"319","Rajon Rondo",63,3.6,7.6,0.468,0.8,2.3,0.347826087,2.8,5.3,0.526,0.518,0.4,0.7,0.543,0.5,3.6,4,8.2,1.1,0.2,2.3,1.8,8.3,"PG",31,65,1705,15.3,0.522,0.304,0.093,2,14.2,8.4,42.2,2,0.5,22.7,16.9,1.9,1.7,3.6,0.101,-0.4,-0.7,-1.1,0.4,6300000
"320","Ramon Sessions",3,1.5,4.2,0.359,0.3,0.9,0.333333333,1.2,3.3,0.374,0.393,1.6,2,0.772,0.2,1.1,1.4,2.8,0.5,0.1,1.1,1,4.9,"PG",31,28,392,11.2,0.479,0.222,0.487,1.7,9.1,5.4,27.2,1.8,0.4,17.4,19.3,0.1,0.3,0.3,0.039,-3,-2.2,-5.2,-0.3,2591776
"321","Rashad Vaughn",0,0.8,2,0.411,0.5,1.3,0.384615385,0.3,0.7,0.474,0.536,0.1,0.2,0.667,0.1,0.6,0.8,0.5,0.2,0.1,0.2,0.5,2.3,"SG",21,28,212,9.3,0.546,0.661,0.107,1.6,9.8,5.7,8.7,1.2,1.2,9.3,13.7,0.1,0.1,0.2,0.05,-1.9,-2.8,-4.7,-0.1,2055298
"322","Raul Neto",0,1.7,3.7,0.457,0.5,1.1,0.454545455,1.2,2.5,0.481,0.52,0.6,0.9,0.743,0.2,1,1.2,1.8,0.3,0.1,0.9,0.9,4.5,"PG",25,41,498,11.9,0.55,0.311,0.232,1.6,9.5,5.6,23,1.3,0.7,17.8,18.3,0.3,0.6,0.9,0.086,-2.1,-1.1,-3.2,-0.1,1471382
"323","Raymond Felton",2,2.7,6.7,0.406,1,2.8,0.357142857,1.7,3.9,0.444,0.479,0.4,0.5,0.818,0.3,1.6,1.9,2.5,0.6,0.2,0.9,1.1,6.9,"PG",33,82,1365,13,0.494,0.417,0.08,2,11,6.3,22.5,1.8,1.1,11.7,20.4,0.9,1.3,2.2,0.078,-1.1,-1.7,-2.8,-0.3,2328652
"324","Reggie Bullock",52,4.3,8.8,0.489,2,4.5,0.444444444,2.3,4.3,0.536,0.603,0.6,0.8,0.796,0.4,2,2.5,1.5,0.8,0.2,0.8,1.1,11.3,"SF",26,62,1732,13.6,0.615,0.515,0.09,1.7,8.3,4.9,8.4,1.4,0.7,7.6,15.7,2.8,1.4,4.2,0.117,1.3,-0.7,0.7,1.2,2500000
"325","Reggie Jackson",45,5.5,12.8,0.426,1.2,3.8,0.315789474,4.3,9.1,0.475,0.471,2.5,3,0.836,0.6,2.1,2.8,5.3,0.6,0.1,2.2,1.9,14.6,"PG",27,45,1201,15.9,0.516,0.293,0.232,2.6,9,5.7,32.8,1.1,0.3,13.5,27.1,1.1,0.9,2,0.078,0.8,-2.3,-1.5,0.2,1.6e+07
"326","Richard Jefferson",0,0.6,1.4,0.444,0.1,0.4,0.25,0.5,1,0.5,0.481,0.2,0.4,0.571,0.1,0.8,0.9,0.8,0.1,0.1,0.3,0.6,1.5,"SF",37,20,163,6.4,0.499,0.259,0.259,1.4,10.3,5.9,12,0.6,0.5,14.3,9.4,0.1,0,0.1,0.029,-3.8,-2,-5.9,-0.2,4828652
"327","Richaun Holmes",2,2.8,5,0.56,0.1,0.6,0.166666667,2.7,4.4,0.624,0.568,0.8,1.2,0.661,1.2,3.2,4.4,1.3,0.4,0.6,0.5,2,6.5,"C",24,48,746,17.4,0.585,0.129,0.232,8.6,21.4,15.2,12.3,1.3,3.2,8.6,16.6,1.6,1.3,2.8,0.183,-0.2,1.9,1.7,0.7,1471382
"328","Ricky Rubio",77,4.5,10.7,0.418,1.2,3.5,0.342857143,3.2,7.2,0.451,0.476,2.9,3.3,0.866,0.6,4,4.6,5.3,1.6,0.1,2.7,2.7,13.1,"PG",27,77,2254,15.4,0.537,0.33,0.307,2.2,15.3,8.8,28.4,2.7,0.4,18.1,22.9,1.5,3.8,5.3,0.112,0.1,1.6,1.7,2.1,14275000
"329","Robert Covington",80,4.3,10.5,0.413,2.5,6.9,0.362318841,1.8,3.6,0.497,0.534,1.5,1.7,0.853,0.7,4.7,5.4,2,1.7,0.9,1.6,3,12.6,"SF",27,80,2532,12.9,0.563,0.658,0.163,2.4,15.5,9.2,8.7,2.6,2.4,12.3,17.2,1.6,4.5,6.1,0.116,0.4,2.1,2.5,2.9,16698103
"330","Robin Lopez",64,5.3,10.1,0.53,0.1,0.2,0.5,5.3,9.9,0.536,0.533,1.1,1.4,0.756,2.1,2.4,4.5,1.9,0.2,0.8,1.7,1.7,11.8,"C",29,64,1690,14.7,0.552,0.022,0.14,8.2,10.3,9.2,12.3,0.4,2.8,13.5,20.4,1.2,0.7,1.9,0.055,-1.7,-0.3,-1.9,0,13788500
"331","Rodney Hood",23,5.4,12.5,0.429,2.1,5.6,0.375,3.3,7,0.467,0.513,1.9,2.2,0.86,0.4,2.4,2.8,1.6,0.8,0.2,1.2,1.8,14.7,"SG",25,60,1616,14.3,0.546,0.443,0.172,1.6,9.9,5.8,9.7,1.4,0.6,8,24.3,1.2,1.5,2.7,0.081,0.2,-2.2,-2,0,2386864
"332","Rodney McGruder",2,2,4.1,0.493,0.8,1.9,0.421052632,1.2,2.1,0.553,0.596,0.2,0.4,0.5,0.6,1.2,1.8,0.9,0.4,0.2,0.2,1.2,5.1,"SG",26,18,299,12,0.595,0.479,0.11,4.1,7.9,6,8.4,1.3,0.9,5,12.1,0.5,0.3,0.8,0.125,0.1,-0.7,-0.6,0.1,1312611
"333","Rodney Purvis",2,2.2,6.7,0.327,0.8,3.3,0.242424242,1.4,3.4,0.4,0.388,0.8,0.9,0.867,0.1,1.6,1.7,1.1,0.2,0.2,0.6,1.6,6,"SG",23,16,290,4.5,0.423,0.486,0.14,0.4,9.9,5.1,8.5,0.5,0.8,8.1,18.7,-0.4,0.1,-0.3,-0.056,-5,-2.9,-7.9,-0.4,46080
"334","Ron Baker",1,0.7,2,0.339,0.4,1.1,0.363636364,0.3,0.9,0.346,0.432,0.7,0.9,0.769,0.2,0.9,1,1.6,0.9,0.2,0.6,1.1,2.4,"SG",24,29,385,9.3,0.504,0.559,0.441,1.4,7.2,4.3,15.5,3.3,1.3,20.4,10,0.1,0.4,0.5,0.059,-1.9,0.9,-1,0.1,4328000
"335","Rondae Hollis-Jefferson",59,5,10.6,0.472,0.2,0.8,0.25,4.8,9.9,0.491,0.481,3.7,4.6,0.788,1.5,5.3,6.8,2.5,1,0.7,1.8,2.1,13.9,"SF",23,68,1920,16.9,0.548,0.075,0.436,5.5,20,12.7,14.2,1.6,1.9,12.3,22.2,2.1,2,4.1,0.103,-1.5,1.1,-0.4,0.8,1471382
"336","Royce O'Neale",4,1.7,4.1,0.423,0.6,1.7,0.352941176,1.1,2.4,0.47,0.496,0.9,1.1,0.803,0.4,3.1,3.4,1.4,0.5,0.2,0.8,1.5,5,"SF",24,69,1150,10.8,0.54,0.415,0.268,2.5,20.6,11.7,12,1.6,1.2,14.8,14.6,0.5,1.8,2.4,0.099,-2.4,1.7,-0.6,0.4,815615
"337","Rudy Gay",6,4.4,9.4,0.471,0.6,2.1,0.285714286,3.8,7.4,0.516,0.506,2,2.5,0.772,1.3,3.8,5.1,1.3,0.8,0.7,1.4,1.7,11.5,"PF",31,57,1231,18,0.545,0.22,0.27,6.8,19.5,13.1,9.8,1.9,2.6,11.5,24.6,1,2.1,3.1,0.123,-0.7,1,0.3,0.7,8406000
"338","Rudy Gobert",56,4.9,7.9,0.622,0,0,0,4.9,7.9,0.622,0.622,3.6,5.3,0.682,2.9,7.8,10.7,1.4,0.8,2.3,1.9,2.7,13.5,"C",25,56,1816,20.7,0.657,0,0.673,10.4,27,18.8,6.9,1.2,6,15.7,16.9,4.2,3.9,8.1,0.214,-0.3,4.6,4.3,2.9,21974719
"339","Russell Westbrook",80,9.5,21.1,0.449,1.2,4.1,0.292682927,8.3,17,0.485,0.477,5.2,7.1,0.737,1.9,8.2,10.1,10.3,1.8,0.3,4.8,2.5,25.4,"PG",29,80,2914,24.7,0.524,0.193,0.336,5.6,25.7,15.3,49.8,2.5,0.6,16.4,34.1,5.5,4.5,10.1,0.166,5.1,3.1,8.2,7.5,28530608
"340","Ryan Anderson",50,3.1,7.3,0.431,2,5.1,0.392156863,1.2,2.1,0.539,0.568,1.1,1.4,0.774,1.4,3.6,5,0.9,0.4,0.3,0.6,1.9,9.3,"PF",29,66,1725,12.6,0.592,0.706,0.194,6.2,15.4,10.8,5.1,0.7,1,7.5,14.4,3.1,1.7,4.8,0.132,1,-0.8,0.2,1,19578455
"341","Salah Mejri",1,1.4,2.2,0.642,0,0,0,1.4,2.2,0.657,0.642,0.6,1.1,0.576,1.4,2.6,4,0.6,0.4,1.1,0.6,2,3.5,"C",31,61,729,17.8,0.644,0.022,0.482,12.5,25.4,18.7,7.2,1.5,8.2,19,12.8,1.3,1.3,2.7,0.175,-2.2,5.3,3.1,0.9,1471382
"342","Sam Dekker",1,1.8,3.5,0.494,0.1,0.8,0.125,1.6,2.7,0.593,0.514,0.5,0.8,0.661,0.6,1.8,2.4,0.5,0.3,0.1,0.5,1,4.2,"PF",23,73,883,11.5,0.534,0.232,0.216,5.6,16,10.8,6.2,1.3,0.9,10.4,15.5,0.6,0.6,1.2,0.066,-2.1,-1,-3.1,-0.2,1794600
"343","Sean Kilpatrick",1,2.1,5.7,0.374,0.9,2.8,0.321428571,1.2,2.9,0.427,0.452,1.2,1.4,0.889,0.1,1.6,1.7,0.9,0.3,0.1,0.7,0.6,6.3,"SG",28,52,640,11.6,0.507,0.49,0.245,0.8,14.2,7.5,11.3,1,0.7,10.4,24.9,-0.2,0.3,0.1,0.008,-2.5,-3.6,-6.1,-0.7,2486268
"344","Semi Ojeleye",0,0.9,2.6,0.346,0.5,1.7,0.294117647,0.3,0.9,0.397,0.452,0.3,0.6,0.61,0.5,1.7,2.2,0.3,0.3,0.1,0.3,1.2,2.7,"PF",23,73,1150,4.6,0.473,0.665,0.218,3.6,11.6,7.7,2.4,0.9,0.3,10.8,9,-0.2,1.3,1.2,0.048,-3.6,0.1,-3.5,-0.4,1291892
"345","Serge Ibaka",76,5,10.3,0.483,1.4,3.9,0.358974359,3.6,6.4,0.559,0.552,1.2,1.6,0.797,1,5.3,6.3,0.8,0.4,1.3,1.2,2.8,12.6,"PF",28,76,2093,14.7,0.574,0.379,0.151,4.3,21,12.8,4.4,0.7,3.8,9.7,19.4,2.1,3,5.1,0.117,-0.8,0.6,-0.2,1,20061729
"346","Shabazz Muhammad",2,2,4.4,0.447,0.2,0.6,0.333333333,1.8,3.7,0.478,0.465,0.9,1.2,0.78,0.5,1.2,1.8,0.3,0.2,0.1,0.1,0.7,5,"SF",25,43,418,15.4,0.51,0.144,0.266,6.3,14.8,10.6,5.7,1.1,0.6,2.8,23,0.5,0.2,0.7,0.081,-1.8,-4.1,-5.9,-0.4,1577230
"347","Shabazz Napier",10,3,7.2,0.42,1.1,2.9,0.379310345,1.9,4.2,0.45,0.497,1.6,1.9,0.841,0.4,1.9,2.3,2,1.1,0.2,1.2,1.1,8.7,"PG",26,74,1535,14.2,0.544,0.411,0.26,1.9,10.1,6,14.6,2.6,0.7,13.2,19.5,1.2,2,3.2,0.101,-0.2,0.3,0.2,0.8,2361360
"348","Shane Larkin",2,1.6,4.1,0.384,0.6,1.6,0.375,1,2.5,0.398,0.454,0.6,0.7,0.865,0.3,1.4,1.7,1.8,0.5,0.1,0.6,1.1,4.3,"PG",25,54,775,10.4,0.491,0.393,0.169,2.1,10.7,6.5,18.5,1.9,0.3,12.3,15.5,0.3,1.1,1.4,0.087,-2.3,0.2,-2.1,0,1524305
"349","Shaquille Harrison",2,2.6,5.4,0.476,0.3,1.1,0.272727273,2.3,4.3,0.541,0.5,1.2,1.7,0.737,0.4,2.3,2.7,2.4,1.1,0.3,1,1.8,6.6,"PG",24,23,384,15.6,0.54,0.21,0.306,2.5,14.7,8.5,22.2,3.2,1.5,13.5,18,0.4,0.4,0.8,0.094,-0.7,0.9,0.2,0.2,92160
"350","Shaun Livingston",7,2.4,4.8,0.501,0,0.1,0,2.4,4.8,0.509,0.501,0.7,0.9,0.82,0.5,1.4,1.8,2,0.5,0.3,0.8,1.6,5.5,"PG",32,71,1129,11.6,0.533,0.015,0.178,3.4,9.2,6.5,16.8,1.5,1.5,13.6,16.7,0.9,0.9,1.8,0.077,-2.6,-0.9,-3.5,-0.4,7692308
"351","Shelvin Mack",3,2.6,6,0.43,0.7,2,0.35,1.9,4,0.473,0.488,1,1.4,0.711,0.3,2.1,2.4,3.9,0.8,0.1,1.3,1.3,6.9,"PG",27,69,1365,13.3,0.518,0.336,0.234,1.8,11.6,6.7,29.5,1.9,0.5,16.3,17.6,1,1,2,0.069,-1.2,-1.2,-2.4,-0.1,6e+06
"352","Sindarius Thornwell",17,1.4,3.2,0.429,0.3,0.8,0.375,1.1,2.4,0.448,0.479,0.8,1.2,0.67,0.5,1.5,1.9,0.9,0.7,0.3,0.7,1.7,3.9,"SG",23,73,1156,8.2,0.519,0.262,0.378,3.2,10,6.7,7.8,2,1.8,16.3,12.1,0.1,0.9,1,0.041,-2.6,1,-1.6,0.1,815615
"353","Skal Labissiere",28,3.4,7.6,0.448,0.3,0.9,0.333333333,3.1,6.8,0.459,0.467,1.6,2,0.805,1.7,3.2,4.8,1.2,0.4,0.8,1.2,2.2,8.7,"PF",21,60,1240,14.3,0.513,0.111,0.258,8.7,18.1,13.2,9.1,1,3.7,12.5,21.1,0.4,1,1.4,0.054,-2.7,0.1,-2.6,-0.2,1312611
"354","Solomon Hill",1,0.9,3.4,0.268,0.3,1.8,0.166666667,0.6,1.7,0.35,0.317,0.3,0.5,0.5,0.8,2.3,3,1.8,0.6,0.1,0.8,1.8,2.4,"SF",26,12,187,4.8,0.332,0.512,0.146,5.4,15.1,10.4,14.4,1.8,0.4,17.1,12.2,-0.2,0.2,-0.1,-0.014,-4.4,0.6,-3.8,-0.1,12236535
"355","Spencer Dinwiddie",58,4.1,10.5,0.387,1.8,5.4,0.333333333,2.3,5.1,0.452,0.471,2.7,3.4,0.813,0.5,2.7,3.2,6.6,0.9,0.3,1.6,2.3,12.6,"PG",24,80,2306,15.9,0.527,0.517,0.32,1.8,10.2,6,35,1.4,0.7,11.8,20.3,4.3,1.4,5.7,0.118,2.1,-1.8,0.2,1.3,1524305
"356","Stanley Johnson",50,3,8.1,0.375,1,3.4,0.294117647,2.1,4.7,0.439,0.435,1.6,2.1,0.772,0.5,3.2,3.7,1.6,1.4,0.2,1.1,2.4,8.7,"SF",21,69,1894,9,0.48,0.418,0.259,1.9,13,7.3,8.5,2.5,0.7,11,16.4,-0.6,2.4,1.8,0.046,-2.6,1.1,-1.5,0.2,3097800
"357","Stephen Curry",51,8.4,16.9,0.495,4.2,9.8,0.428571429,4.2,7.1,0.595,0.618,5.5,5.9,0.921,0.7,4.4,5.1,6.1,1.6,0.2,3,2.2,26.4,"PG",29,51,1631,28.2,0.675,0.58,0.35,2.7,14.4,9,30.3,2.4,0.4,13.3,31,7.2,1.8,9.1,0.267,9.9,-1.3,8.6,4.4,34682550
"358","Sterling Brown",4,1.5,3.8,0.4,0.6,1.7,0.352941176,0.9,2.1,0.439,0.478,0.4,0.4,0.875,0.5,2.1,2.6,0.5,0.6,0.2,0.5,1.5,4,"SG",22,54,776,9.1,0.503,0.444,0.117,4.1,17.5,10.8,4.5,2,1.4,10.4,14,0,0.7,0.7,0.043,-3.1,-1,-4,-0.4,815615
"359","Steven Adams",76,5.9,9.4,0.629,0,0,0,5.9,9.3,0.631,0.629,2.1,3.8,0.557,5.1,4,9,1.2,1.2,1,1.7,2.8,13.9,"C",24,76,2487,20.6,0.63,0.003,0.403,16.6,13.9,15.3,5.5,1.8,2.8,13.2,16.7,6.7,3,9.7,0.187,2.2,1.1,3.3,3.3,22471910
"360","T.J. Leaf",0,1.2,2.6,0.471,0.3,0.8,0.375,0.9,1.8,0.489,0.537,0.2,0.3,0.625,0.5,1,1.5,0.2,0.1,0.1,0.2,0.8,2.9,"PF",20,53,459,10.7,0.545,0.309,0.118,7.2,13,10.1,2.8,0.5,0.8,6.5,14.9,0.5,0.3,0.8,0.082,-1.9,-2.9,-4.8,-0.3,2028360
"361","T.J. McConnell",1,2.8,5.5,0.499,0.4,0.8,0.5,2.4,4.7,0.51,0.531,0.4,0.5,0.795,0.5,2.5,3,4,1.2,0.2,1.5,1.6,6.3,"PG",25,76,1706,12.5,0.545,0.147,0.093,2.4,11.5,7.1,24.5,2.6,0.6,20.4,13.8,1.3,2.5,3.8,0.108,-1.8,1.1,-0.7,0.5,1471382
"362","T.J. Warren",65,8.1,16.4,0.498,0.3,1.4,0.214285714,7.8,15,0.523,0.507,3,3.9,0.757,1.9,3.2,5.1,1.3,1,0.6,1.3,2.3,19.6,"SF",24,65,2142,17.6,0.541,0.085,0.24,6.1,10.5,8.3,7.2,1.5,1.5,6.7,24.9,2.6,0.8,3.4,0.077,-0.1,-1.7,-1.9,0.1,3152931
"363","Taj Gibson",82,5.2,9,0.577,0.1,0.4,0.25,5.1,8.6,0.595,0.581,1.7,2.3,0.768,2.4,4.8,7.1,1.2,0.8,0.7,1.1,2.7,12.2,"PF",32,82,2726,15.4,0.61,0.047,0.251,8.1,16.7,12.4,5.2,1.1,1.9,9.8,14.7,5.4,1.7,7.2,0.126,0.9,0.2,1.1,2.1,1.4e+07
"364","Tarik Black",2,1.5,2.5,0.591,0,0.2,0,1.5,2.3,0.638,0.594,0.6,1.2,0.46,1.2,2,3.2,0.3,0.4,0.6,0.7,2.1,3.5,"C",26,51,536,14.3,0.582,0.087,0.496,13.4,20.9,17.1,3.7,1.9,4.8,18.4,15.6,0.5,1,1.5,0.136,-3,2.1,-1,0.1,3290000
"365","Taurean Waller-Prince",82,5.1,11.9,0.426,2.1,5.6,0.375,2.9,6.3,0.461,0.516,1.9,2.2,0.844,0.6,4.1,4.7,2.6,1,0.5,2.3,2,14.1,"SF",23,82,2464,12.8,0.549,0.469,0.185,2.3,15.3,8.8,13.9,1.7,1.5,15.3,22.1,0,2,2,0.038,-0.7,0,-0.7,0.8,2422560
"366","Terrance Ferguson",12,1.1,2.8,0.414,0.7,2,0.35,0.5,0.8,0.612,0.533,0.1,0.2,0.9,0.3,0.5,0.8,0.3,0.4,0.2,0.2,1.4,3.1,"SG",19,61,763,7.4,0.545,0.71,0.059,2.7,4.2,3.4,3.4,1.6,1.2,6,10.4,0.7,0.5,1.2,0.077,-1.2,-1.3,-2.5,-0.1,1785000
"367","Terrence Ross",20,3.2,8,0.398,1.3,3.9,0.333333333,1.9,4.1,0.469,0.476,1.1,1.5,0.75,0.4,2.6,3,1.6,1.1,0.5,1.2,1.9,8.7,"SG",26,24,600,9.9,0.505,0.487,0.188,1.8,11.6,6.7,9.3,2.2,1.5,12.3,17.3,-0.2,0.5,0.3,0.025,-2.2,0.1,-2.1,0,10500000
"368","Terry Rozier",16,4,10,0.395,1.9,5,0.38,2,5,0.41,0.491,1.4,1.9,0.772,0.8,3.9,4.7,2.9,1,0.2,1,1.5,11.3,"PG",23,80,2068,15.1,0.52,0.503,0.186,3.4,16.3,9.9,17.5,1.9,0.8,8.5,20.4,2.2,3.4,5.6,0.13,0.8,1,1.8,2,1988520
"369","Thabo Sefolosha",6,3.1,6.3,0.492,0.8,2.2,0.363636364,2.3,4.1,0.551,0.558,1.2,1.4,0.815,0.8,3.5,4.2,0.9,1.4,0.3,0.8,1.6,8.2,"SF",33,38,806,15.8,0.591,0.35,0.225,4.1,18.4,11.3,6.3,3.2,1.3,10.2,16.4,1,1.6,2.6,0.156,-0.3,2.3,1.9,0.8,5250000
"370","Thaddeus Young",81,5.2,10.7,0.487,0.7,2.2,0.318181818,4.5,8.4,0.531,0.521,0.7,1.1,0.598,2.3,4,6.3,1.9,1.7,0.4,1.3,2.2,11.8,"PF",29,81,2607,14.8,0.528,0.209,0.106,8,14.1,11.1,8.5,2.6,1.2,10.4,17.3,2.3,3.2,5.5,0.101,0.1,1.4,1.5,2.3,14796348
"371","Thon Maker",12,1.8,4.3,0.411,0.4,1.4,0.285714286,1.3,2.9,0.467,0.46,0.9,1.3,0.699,1,2,3,0.6,0.5,0.7,0.6,2.2,4.8,"C",20,74,1238,10.2,0.499,0.329,0.294,7.1,14.2,10.6,5.2,1.5,3.7,11,14.6,0.3,1.1,1.5,0.056,-2.7,0,-2.7,-0.2,2684160
"372","Tim Frazier",11,1.2,2.9,0.395,0.3,0.9,0.333333333,0.9,2,0.44,0.445,0.4,0.5,0.767,0.3,1.6,1.9,3.3,0.8,0.1,1,1.6,3,"PG",27,59,838,11.3,0.475,0.326,0.174,2.4,13.1,7.8,31.1,2.8,0.7,23.5,12.8,0.4,1,1.4,0.08,-2.4,0.3,-2.1,0,2e+06
"373","Tim Hardaway",54,6.3,15,0.421,2.3,7.2,0.319444444,4,7.8,0.516,0.496,2.6,3.1,0.816,0.6,3.4,3.9,2.7,1.1,0.2,1.6,2.2,17.5,"SG",25,57,1885,14.4,0.533,0.479,0.209,1.9,11.3,6.6,12.7,1.6,0.5,9,23.8,1.6,1.1,2.6,0.067,1.7,-1.8,-0.1,0.9,16500000
"374","Timofey Mozgov",13,1.7,3,0.559,0.1,0.6,0.166666667,1.5,2.4,0.64,0.581,0.7,1,0.767,1,2.1,3.2,0.4,0.2,0.4,1.1,1.3,4.2,"C",31,31,359,12.3,0.617,0.194,0.323,9.4,19.7,14.5,4.8,0.7,2.7,23.7,16.8,0.1,0.3,0.4,0.055,-3.8,-0.3,-4.1,-0.2,15280000
"375","Timothe Luwawu-Cabarrot",7,1.9,5.1,0.375,1,3,0.333333333,0.9,2.1,0.431,0.474,0.9,1.1,0.793,0.3,1.1,1.4,1,0.2,0.1,0.7,1.9,5.8,"SF",22,52,807,7,0.511,0.592,0.217,1.9,7.5,4.8,9.3,0.7,0.5,11.5,17.5,0.1,0.7,0.8,0.046,-2.3,-2.4,-4.7,-0.5,1386600
"376","Tobias Harris",80,7,15.3,0.46,2.3,5.6,0.410714286,4.7,9.7,0.488,0.535,2.2,2.7,0.829,0.7,4.7,5.5,2.4,0.9,0.4,1.3,2.1,18.6,"PF",25,80,2668,17.1,0.565,0.364,0.177,2.4,15.7,9,11.8,1.3,1.1,7.4,23.3,4.2,2.5,6.7,0.12,1.5,-0.8,0.7,1.8,1.6e+07
"377","Tomas Satoransky",30,2.8,5.3,0.523,0.6,1.4,0.428571429,2.1,3.9,0.544,0.585,1,1.3,0.781,1,2.2,3.2,3.9,0.7,0.2,1.1,1.8,7.2,"SG",26,73,1643,15.4,0.615,0.263,0.25,5,11.1,8,24.8,1.6,0.8,16.3,13.7,3.7,1.3,5,0.145,1.3,-0.2,1.1,1.3,3e+06
"378","Tony Allen",0,2,4.1,0.484,0.2,0.5,0.4,1.8,3.6,0.506,0.505,0.5,1,0.524,0.9,1.2,2.1,0.4,0.5,0.1,0.9,2.2,4.7,"SF",36,22,273,8.7,0.514,0.132,0.231,8.2,10.4,9.3,4.6,1.9,0.9,15.9,18.9,-0.2,0.2,0.1,0.017,-4,-1.3,-5.2,-0.2,2116955
"379","Tony Parker",21,3.2,7.1,0.459,0.2,0.7,0.285714286,3.1,6.4,0.479,0.472,1,1.4,0.705,0.1,1.6,1.7,3.5,0.5,0,1.2,0.9,7.7,"PG",35,55,1071,12.7,0.498,0.095,0.201,0.7,9.2,4.9,28.2,1.3,0.1,13.9,20.5,0.4,1.1,1.4,0.065,-2.4,-1.7,-4.1,-0.6,15453126
"380","Tony Snell",59,2.5,5.7,0.435,1.4,3.6,0.388888889,1,2.1,0.49,0.562,0.5,0.6,0.792,0.1,1.8,1.9,1.3,0.6,0.4,0.5,1.5,6.9,"SG",26,75,2053,8.5,0.578,0.631,0.113,0.5,7.5,4,6.5,1.1,1.2,7.5,10.6,1.6,0.7,2.4,0.056,-0.5,-1.3,-1.8,0.1,9821429
"381","Travis Wear",0,1.5,4.2,0.347,1,2.8,0.357142857,0.5,1.5,0.32,0.465,0.5,0.5,1,0,2.2,2.2,0.4,0.2,0.3,0.4,1.8,4.4,"SF",27,17,228,6.9,0.497,0.653,0.111,0,17.6,8.9,4.2,0.8,1.8,7.4,15.2,0,0.2,0.2,0.042,-3.7,-1.3,-5.1,-0.2,148318
"382","Treveon Graham",2,1.5,3.5,0.434,0.6,1.5,0.4,0.9,2,0.452,0.525,0.7,0.9,0.695,0.7,1.3,1.9,0.9,0.5,0,0.4,1.7,4.3,"SG",24,63,1050,9,0.553,0.439,0.267,4.3,8.3,6.2,7.8,1.5,0.2,9.9,11.3,1.1,0.7,1.8,0.08,-0.6,-0.3,-0.9,0.3,1312611
"383","Trevor Ariza",67,4,9.7,0.412,2.5,6.9,0.362318841,1.5,2.8,0.519,0.542,1.1,1.3,0.854,0.5,3.9,4.4,1.6,1.5,0.2,0.8,2,11.7,"SF",32,67,2269,11.8,0.567,0.71,0.137,1.7,12.9,7.3,6.8,2.1,0.5,7,14.4,2.6,2.8,5.3,0.113,0.8,0.7,1.5,2,7420912
"384","Trevor Booker",7,2.6,5,0.516,0.1,0.5,0.2,2.5,4.6,0.545,0.528,1,1.4,0.71,1.7,3,4.7,1.2,0.4,0.3,0.9,1.8,6.3,"PF",30,68,1158,14.9,0.557,0.096,0.271,11.1,18.6,14.9,10.8,1.2,1.5,13.3,16.6,1.6,1.3,2.9,0.121,-1,0.5,-0.5,0.4,9125000
"385","Trey Burke",9,5.4,10.7,0.503,1.1,2.9,0.379310345,4.3,7.8,0.556,0.552,1,1.6,0.649,0.4,1.6,2,4.7,0.7,0.1,1.2,1.2,12.8,"PG",25,36,785,21,0.563,0.273,0.148,1.8,8.2,5,36.4,1.5,0.4,9.5,25.1,2,0.3,2.4,0.145,4.2,-3.2,1,0.6,784160
"386","Trey Lyles",2,3.7,7.5,0.491,1.1,3,0.366666667,2.6,4.5,0.563,0.566,1.4,2,0.697,0.8,4,4.8,1.2,0.4,0.5,0.8,1.5,9.9,"PF",22,73,1391,17.9,0.59,0.396,0.264,4.5,23.5,14,10.1,1.1,2,9,21.1,2.7,1.2,3.9,0.134,0.6,-1.4,-0.8,0.4,2441400
"387","Tristan Thompson",22,2.5,4.4,0.562,0,0,0,2.5,4.4,0.562,0.562,0.8,1.5,0.544,2.4,4.3,6.6,0.6,0.3,0.3,0.7,1.9,5.8,"C",26,53,1072,13.6,0.569,0,0.336,13.4,23.3,18.4,4.3,0.7,1.3,11.8,12.6,1.8,0.7,2.5,0.113,-1.6,-0.9,-2.5,-0.1,16400000
"388","Troy Daniels",15,2.9,7.3,0.403,2.3,5.8,0.396551724,0.6,1.5,0.419,0.563,0.7,0.8,0.875,0.2,1.5,1.6,0.6,0.3,0.1,0.7,1.7,8.9,"SG",26,79,1622,9.8,0.583,0.797,0.111,0.8,7.7,4.2,4.5,0.8,0.2,8.5,17.2,1.4,0,1.4,0.042,0.7,-3.6,-2.9,-0.4,3408520
"389","Troy Williams",1,2.4,5.2,0.468,0.5,1.8,0.277777778,1.9,3.4,0.563,0.518,1,1.4,0.667,1,2,3,0.8,1,0.2,0.9,1.6,6.3,"SF",23,21,307,15.1,0.544,0.349,0.275,8,14.8,11.4,7.7,3.2,1.1,13.5,20.1,0.2,0.4,0.5,0.085,-0.1,0.2,0,0.2,1619700
"390","Tyler Cavanaugh",1,1.7,3.9,0.441,0.8,2.3,0.347826087,0.9,1.6,0.556,0.546,0.4,0.5,0.81,1.2,2.1,3.3,0.7,0.2,0.1,0.4,1.6,4.7,"PF",23,39,518,13,0.567,0.586,0.138,9.7,17.7,13.7,7.8,0.8,0.7,8,14.8,0.9,0.3,1.2,0.109,0.5,-1.5,-1,0.1,729919
"391","Tyler Dorsey",5,2.6,6.8,0.377,1.3,3.6,0.361111111,1.3,3.3,0.393,0.471,0.8,1.1,0.714,0.3,2,2.3,1.4,0.3,0.1,0.7,1.1,7.2,"SG",21,56,974,10,0.494,0.521,0.165,2,12.9,7.4,12.5,0.9,0.4,8.3,20,0,0.4,0.4,0.02,-1.8,-2.5,-4.2,-0.5,815615
"392","Tyler Ennis",11,1.7,4.1,0.42,0.3,1,0.3,1.5,3.1,0.476,0.451,0.4,0.5,0.759,0.4,1.4,1.8,1.9,0.6,0.2,0.7,1.4,4.1,"PG",23,54,683,11.1,0.473,0.25,0.129,3,11.8,7.4,21.9,2.1,1.2,13.8,17.1,0.1,0.7,0.8,0.058,-2.8,-0.1,-2.9,-0.1,1524305
"393","Tyler Johnson",39,4.3,9.9,0.435,1.7,4.5,0.377777778,2.6,5.4,0.491,0.518,1.5,1.8,0.822,0.5,3,3.4,2.3,0.8,0.5,1.1,2.1,11.7,"PG",25,72,2052,13,0.549,0.456,0.181,1.9,11.7,6.8,12.4,1.5,1.4,9.5,18.6,1.9,2.3,4.2,0.097,-0.1,-0.1,-0.2,0.9,5881260
"394","Tyler Ulis",43,3,7.8,0.388,0.6,2.1,0.285714286,2.4,5.7,0.425,0.426,1.2,1.4,0.832,0.3,1.5,1.8,4.4,1,0.1,1.8,1.7,7.8,"PG",22,71,1658,10.1,0.465,0.265,0.183,1.5,6.8,4.1,28,2,0.3,17.6,18.5,-0.7,0.5,-0.2,-0.006,-2.8,-2.4,-5.2,-1.3,1312611
"395","Tyler Zeller",34,2.8,5.1,0.56,0.2,0.4,0.5,2.7,4.6,0.578,0.575,0.9,1.2,0.722,1.7,3,4.6,0.7,0.2,0.5,0.7,1.9,6.7,"C",28,66,1109,16,0.598,0.084,0.237,11,19.4,15.2,6.7,0.7,2.5,11.3,16.4,2,0.9,2.9,0.126,-1.1,-0.5,-1.6,0.1,1709538
"396","Tyreke Evans",32,7,15.6,0.452,2.2,5.5,0.4,4.8,10.1,0.482,0.523,3.2,4,0.785,0.8,4.3,5.1,5.2,1.1,0.3,2.3,1.8,19.4,"PG",28,52,1607,21.1,0.561,0.354,0.258,3.1,16.3,9.5,31.2,1.8,1,11.5,28.4,3.1,1.2,4.2,0.126,4.4,-0.8,3.6,2.3,3290000
"397","Tyson Chandler",46,2.6,4.1,0.647,0,0,0,2.6,4.1,0.647,0.647,1.3,2,0.617,2.9,6.2,9.1,1.2,0.3,0.6,1.3,2.3,6.5,"C",35,46,1151,14.2,0.657,0,0.503,12.2,26.8,19.4,6.6,0.7,1.9,20.5,10.6,1.9,0.8,2.7,0.111,-1.3,1,-0.3,0.5,1.3e+07
"398","Tyus Jones",11,1.8,4,0.457,0.5,1.6,0.3125,1.3,2.4,0.528,0.526,0.9,1,0.877,0.2,1.4,1.6,2.8,1.2,0.1,0.7,1.3,5.1,"PG",21,82,1467,14.1,0.572,0.393,0.247,1.2,9.2,5.2,21.2,3.2,0.4,14,12.7,2.3,1.2,3.6,0.117,0.8,-0.3,0.5,0.9,1471382
"399","Victor Oladipo",75,8.5,17.9,0.477,2.1,5.8,0.362068966,6.4,12.1,0.528,0.537,3.9,4.9,0.799,0.6,4.6,5.2,4.3,2.4,0.8,2.9,2.3,23.1,"SG",25,75,2552,23.1,0.577,0.323,0.274,2.1,15.1,8.6,21.2,3.5,2,12.7,30.1,4.3,4,8.3,0.155,3.6,1.3,4.9,4.5,2.1e+07
"400","Vince Carter",5,2,4.9,0.403,1,2.8,0.357142857,1,2,0.483,0.504,0.5,0.6,0.757,0.3,2.2,2.6,1.2,0.7,0.4,0.6,1.7,5.4,"SF",41,58,1026,10.8,0.523,0.583,0.131,1.9,15.1,8.2,9.7,2.1,2.4,10.7,14.7,0.3,0.9,1.2,0.056,-1.5,0.4,-1.1,0.2,8e+06
"401","Wayne Ellington",2,3.7,9.1,0.407,2.9,7.5,0.386666667,0.8,1.6,0.479,0.569,0.9,1,0.859,0.3,2.5,2.8,1,0.7,0.1,0.7,1.2,11.2,"SG",30,77,2041,12.5,0.588,0.827,0.111,1.3,10.7,6,5.9,1.3,0.3,6.6,17.3,2.6,1.9,4.5,0.105,1.8,-1.8,0,1,6270000
"402","Wayne Selden",9,3.3,7.7,0.431,1.4,3.5,0.4,1.9,4.2,0.456,0.522,1.3,1.7,0.746,0.5,1.1,1.6,1.9,0.5,0.1,1.5,1.7,9.3,"SG",23,35,692,11.8,0.551,0.454,0.219,2.6,6.8,4.7,16,1.3,0.7,15.5,22.6,0.1,0.2,0.3,0.023,-0.7,-3.3,-4,-0.4,1312611
"403","Wesley Iwundu",12,1.5,3.5,0.427,0.1,0.7,0.142857143,1.4,2.8,0.488,0.447,0.5,0.8,0.723,0.6,1.6,2.2,0.9,0.5,0.2,0.5,1.3,3.7,"SF",23,62,1020,7.8,0.48,0.211,0.216,3.9,11,7.4,7.8,1.6,0.9,11.2,11.6,0,0.7,0.7,0.032,-3.7,0.2,-3.5,-0.4,1050000
"404","Wesley Johnson",40,2,5,0.408,0.8,2.4,0.333333333,1.2,2.6,0.471,0.489,0.6,0.8,0.741,0.4,2.5,2.9,0.8,1,0.8,0.7,2,5.4,"SF",30,74,1486,9.8,0.512,0.481,0.158,2.2,13.6,8,5.6,2.5,3.5,12.3,13,-0.1,1.7,1.7,0.055,-2,2.3,0.3,0.9,5881260
"405","Wesley Matthews",62,4.5,11.1,0.406,2.4,6.4,0.375,2.1,4.7,0.441,0.516,1.3,1.6,0.822,0.4,2.7,3.1,2.7,1.2,0.3,1.3,2.2,12.7,"SF",31,63,2131,11.4,0.541,0.577,0.145,1.4,9.2,5.2,12.3,1.8,0.7,10.1,17.6,1,1.6,2.6,0.059,0.2,-0.2,0.1,1.1,17884176
"406","Will Barton",40,5.7,12.7,0.452,1.9,5.2,0.365384615,3.8,7.5,0.51,0.528,2.2,2.8,0.805,0.9,4.2,5,4.1,1,0.6,1.8,2.1,15.7,"SG",27,81,2683,16.2,0.562,0.411,0.22,3,14.2,8.6,18.5,1.5,1.6,11.7,20.7,4.4,1.8,6.2,0.111,1.6,-0.6,1,2,3533333
"407","Willie Cauley-Stein",58,5.3,10.6,0.502,0,0.2,0,5.3,10.4,0.506,0.504,2.1,3.4,0.619,1.8,5.2,7,2.4,1.1,0.9,1.5,2.5,12.8,"C",24,73,2044,17.6,0.529,0.016,0.32,7,22,14.2,13.7,1.9,3.1,11,21.8,1.7,2.2,3.9,0.092,-1.3,1.7,0.4,1.2,3704160
"408","Willie Reed",5,1.9,2.9,0.669,0,0,0,1.9,2.8,0.672,0.674,0.8,1.3,0.582,0.8,2,2.9,0.2,0.2,0.5,0.5,1.3,4.6,"C",27,42,428,19.2,0.671,0.017,0.455,9.1,21.8,15.5,3.6,1,4.3,11.6,16.6,1,0.5,1.5,0.172,-0.8,-0.1,-0.9,0.1,1577230
"409","Willy Hernangomez",1,1.9,3.4,0.555,0.1,0.3,0.333333333,1.8,3.2,0.566,0.57,1.2,1.9,0.656,1.3,2.5,3.8,0.7,0.4,0.3,0.7,1.3,5.1,"C",23,48,495,21.2,0.604,0.073,0.549,13.3,27.2,20.2,10.5,1.8,2.7,14.7,21,1.1,0.7,1.8,0.174,0.1,0.8,0.9,0.4,1435750
"410","Wilson Chandler",71,3.8,8.5,0.445,1.2,3.3,0.363636364,2.6,5.2,0.501,0.515,1.2,1.5,0.772,1.4,4,5.4,2.2,0.6,0.5,1.2,2.1,10,"SF",30,74,2346,11,0.542,0.39,0.181,4.9,14.1,9.6,9.5,0.9,1.4,11.9,14.3,2.1,1.2,3.3,0.067,-0.5,-0.4,-0.9,0.6,12016854
"411","Yogi Ferrell",21,3.8,8.9,0.426,1.6,4.4,0.363636364,2.2,4.5,0.477,0.518,1,1.3,0.796,0.3,2.7,3,2.5,0.8,0.1,1,1.9,10.2,"SG",24,82,2282,11.4,0.54,0.492,0.141,1.2,11.2,6.1,13.5,1.4,0.4,9.1,17,1.5,1.5,3,0.064,-0.4,-0.6,-1,0.6,1312611
"412","Zach Collins",1,1.7,4.4,0.398,0.5,1.7,0.294117647,1.2,2.7,0.455,0.458,0.4,0.6,0.643,0.7,2.7,3.3,0.8,0.3,0.5,0.9,2,4.4,"C",20,66,1045,7.5,0.475,0.391,0.145,4.7,18.2,11.5,7.1,0.8,2.4,15.9,15.4,-0.7,1.3,0.6,0.03,-4.1,0.9,-3.2,-0.3,3057240
"413","Zach LaVine",24,5.7,14.8,0.383,1.8,5.1,0.352941176,3.9,9.7,0.405,0.442,3.6,4.5,0.813,0.4,3.5,3.9,3,1,0.2,1.8,2.3,16.7,"SG",22,24,656,14.6,0.499,0.346,0.301,1.4,14.4,7.7,18.6,1.8,0.5,9.7,29.5,-0.1,0.5,0.3,0.025,-0.6,-2,-2.7,-0.1,3202217
"414","Zach Randolph",57,6.1,12.9,0.473,0.9,2.5,0.36,5.3,10.4,0.503,0.507,1.4,1.8,0.785,1.6,5.1,6.7,2.2,0.7,0.2,2,2,14.5,"PF",36,59,1508,17.3,0.529,0.193,0.14,7,23.7,15,14.9,1.4,0.6,12.5,27.6,0.3,1.2,1.5,0.048,-0.6,-1.2,-1.8,0.1,12307692
"415","Zaza Pachulia",57,2.2,3.8,0.564,0,0,0,2.2,3.8,0.567,0.564,1.1,1.3,0.806,1.3,3.4,4.7,1.6,0.6,0.2,1,1.8,5.4,"C",33,69,972,17,0.612,0.004,0.352,11,25,18.5,15.2,1.9,1.4,19.1,17,1.8,1.4,3.3,0.161,-0.5,1.3,0.8,0.7,3477600
